BatchNo,PalletNo,Code,Weight,Length,Width,Height,Num,Color
1,308,547396,11.85,370,355,265,2,red
1,308,547396,11.85,370,355,265,2,red
1,308,547399,8.18,330,265,250,1,tan
1,308,556326,14.4,460,345,260,6,blue
1,308,556326,14.4,460,345,260,6,blue
1,308,556326,14.4,460,345,260,6,blue
1,308,556326,14.4,460,345,260,6,blue
1,308,556326,14.4,460,345,260,6,blue
1,308,556326,14.4,460,345,260,6,blue
1,308,556329,9.6,325,305,260,7,gold
1,308,556329,9.6,325,305,260,7,gold
1,308,556329,9.6,325,305,260,7,gold
1,308,556329,9.6,325,305,260,7,gold
1,308,556329,9.6,325,305,260,7,gold
1,308,556329,9.6,325,305,260,7,gold
1,308,556329,9.6,325,305,260,7,gold
1,308,556330,12.8,410,320,260,4,navy
1,308,556330,12.8,410,320,260,4,navy
1,308,556330,12.8,410,320,260,4,navy
1,308,556330,12.8,410,320,260,4,navy
1,308,556331,8.1,370,230,245,4,plum
1,308,556331,8.1,370,230,245,4,plum
1,308,556331,8.1,370,230,245,4,plum
1,308,556331,8.1,370,230,245,4,plum
1,308,614008,10.4,331,304,185,1,gray
1,308,614009,14,400,325,190,1,black
1,308,614010,8.4,325,261,192,3,bisque
1,308,614010,8.4,325,261,192,3,bisque
1,308,614010,8.4,325,261,192,3,bisque
1,308,614011,10.2,325,310,190,4,sienna
1,308,614011,10.2,325,310,190,4,sienna
1,308,614011,10.2,325,310,190,4,sienna
1,308,614011,10.2,325,310,190,4,sienna
1,308,614022,8.4,347,278,222,3,yellow
1,308,614022,8.4,347,278,222,3,yellow
1,308,614022,8.4,347,278,222,3,yellow
1,308,614023,8,380,210,205,3,silver
1,308,614023,8,380,210,205,3,silver
1,308,614023,8,380,210,205,3,silver
1,308,616031,11,444,269,249,2,fuchsia
1,308,616031,11,444,269,249,2,fuchsia
1,308,616032,8.9,332,299,249,1,darkcyan
1,348,380186,8.3,299,255,225,1,moccasin
1,348,380187,8.32,450,250,150,1,seagreen
1,348,547395,9.4,370,290,265,5,aliceblue
1,348,547395,9.4,370,290,265,5,aliceblue
1,348,547395,9.4,370,290,265,5,aliceblue
1,348,547395,9.4,370,290,265,5,aliceblue
1,348,547395,9.4,370,290,265,5,aliceblue
1,348,556327,13,440,290,260,3,darkgreen
1,348,556327,13,440,290,260,3,darkgreen
1,348,556327,13,440,290,260,3,darkgreen
1,348,602352,10,355,350,200,3,darkkhaki
1,348,602352,10,355,350,200,3,darkkhaki
1,348,602352,10,355,350,200,3,darkkhaki
1,348,602354,12.5,535,360,155,5,firebrick
1,348,602354,12.5,535,360,155,5,firebrick
1,348,602354,12.5,535,360,155,5,firebrick
1,348,602354,12.5,535,360,155,5,firebrick
1,348,602354,12.5,535,360,155,5,firebrick
1,348,614009,14,400,325,190,1,black
1,348,616029,9.04,355,315,250,4,olivedrab
1,348,616029,9.04,355,315,250,4,olivedrab
1,348,616029,9.04,355,315,250,4,olivedrab
1,348,616029,9.04,355,315,250,4,olivedrab
1,348,616030,10.7,430,275,245,7,palegreen
1,348,616030,10.7,430,275,245,7,palegreen
1,348,616030,10.7,430,275,245,7,palegreen
1,348,616030,10.7,430,275,245,7,palegreen
1,348,616030,10.7,430,275,245,7,palegreen
1,348,616030,10.7,430,275,245,7,palegreen
1,348,616030,10.7,430,275,245,7,palegreen
1,348,616031,11,444,269,249,5,fuchsia
1,348,616031,11,444,269,249,5,fuchsia
1,348,616031,11,444,269,249,5,fuchsia
1,348,616031,11,444,269,249,5,fuchsia
1,348,616031,11,444,269,249,5,fuchsia
4,134,534734,8.6,350,215,265,1,royalblue
4,134,538785,8.6,512,329,412,1,slategray
4,134,547207,8,435,215,220,1,rosybrown
4,134,550678,8.9,350,270,205,2,chartreuse
4,134,550678,8.9,350,270,205,2,chartreuse
4,134,550679,9.02,360,270,205,1,darkorchid
4,134,550680,9,355,270,205,1,darksalmon
4,134,550706,7.3,357,273,175,2,sandybrown
4,134,550706,7.3,357,273,175,2,sandybrown
4,134,550707,7.36,355,270,170,2,whitesmoke
4,134,550707,7.36,355,270,170,2,whitesmoke
4,134,550710,7.32,355,270,170,1,deepskyblue
4,134,553253,2.14,540,340,235,1,floralwhite
4,134,554962,2.7,460,265,368,1,mediumpurple
4,134,554965,3.6,476,318,400,1,darkturquoise
4,134,558636,1.6,306,258,259,1,lightseagreen
4,134,558642,4.6,373,328,408,2,paleturquoise
4,134,558642,4.6,373,328,408,2,paleturquoise
4,134,558643,4.5,375,315,420,1,palevioletred
4,134,558769,11.7,430,271,237,1,mediumvioletred
4,134,558812,7.38,385,316,132,3,mediumspringgreen
4,134,558812,7.38,385,316,132,3,mediumspringgreen
4,134,558812,7.38,385,316,132,3,mediumspringgreen
4,134,558866,5.7,386,356,392,1,lightgoldenrodyellow
4,134,559114,7.8,355,215,305,1,
4,134,559202,6.1,362,209,220,1,
4,134,559206,5.8,362,209,172,1,
4,134,559564,6.18,355,210,225,2,
4,134,559564,6.18,355,210,225,2,
4,134,601451,7.8,355,215,305,1,
4,134,601453,7.8,356,217,311,1,
4,134,601734,14.2,423,269,275,2,
4,134,601734,14.2,423,269,275,2,
5,114,548385,6.46,425,250,200,18,
5,114,548385,6.46,425,250,200,18,
5,114,548385,6.46,425,250,200,18,
5,114,548385,6.46,425,250,200,18,
5,114,548385,6.46,425,250,200,18,
5,114,548385,6.46,425,250,200,18,
5,114,548385,6.46,425,250,200,18,
5,114,548385,6.46,425,250,200,18,
5,114,548385,6.46,425,250,200,18,
5,114,548385,6.46,425,250,200,18,
5,114,548385,6.46,425,250,200,18,
5,114,548385,6.46,425,250,200,18,
5,114,548385,6.46,425,250,200,18,
5,114,548385,6.46,425,250,200,18,
5,114,548385,6.46,425,250,200,18,
5,114,548385,6.46,425,250,200,18,
5,114,548385,6.46,425,250,200,18,
5,114,548385,6.46,425,250,200,18,
5,114,548465,5.42,310,200,195,50,
5,114,548465,5.42,310,200,195,50,
5,114,548465,5.42,310,200,195,50,
5,114,548465,5.42,310,200,195,50,
5,114,548465,5.42,310,200,195,50,
5,114,548465,5.42,310,200,195,50,
5,114,548465,5.42,310,200,195,50,
5,114,548465,5.42,310,200,195,50,
5,114,548465,5.42,310,200,195,50,
5,114,548465,5.42,310,200,195,50,
5,114,548465,5.42,310,200,195,50,
5,114,548465,5.42,310,200,195,50,
5,114,548465,5.42,310,200,195,50,
5,114,548465,5.42,310,200,195,50,
5,114,548465,5.42,310,200,195,50,
5,114,548465,5.42,310,200,195,50,
5,114,548465,5.42,310,200,195,50,
5,114,548465,5.42,310,200,195,50,
5,114,548465,5.42,310,200,195,50,
5,114,548465,5.42,310,200,195,50,
5,114,548465,5.42,310,200,195,50,
5,114,548465,5.42,310,200,195,50,
5,114,548465,5.42,310,200,195,50,
5,114,548465,5.42,310,200,195,50,
5,114,548465,5.42,310,200,195,50,
5,114,548465,5.42,310,200,195,50,
5,114,548465,5.42,310,200,195,50,
5,114,548465,5.42,310,200,195,50,
5,114,548465,5.42,310,200,195,50,
5,114,548465,5.42,310,200,195,50,
5,114,548465,5.42,310,200,195,50,
5,114,548465,5.42,310,200,195,50,
5,114,548465,5.42,310,200,195,50,
5,114,548465,5.42,310,200,195,50,
5,114,548465,5.42,310,200,195,50,
5,114,548465,5.42,310,200,195,50,
5,114,548465,5.42,310,200,195,50,
5,114,548465,5.42,310,200,195,50,
5,114,548465,5.42,310,200,195,50,
5,114,548465,5.42,310,200,195,50,
5,114,548465,5.42,310,200,195,50,
5,114,548465,5.42,310,200,195,50,
5,114,548465,5.42,310,200,195,50,
5,114,548465,5.42,310,200,195,50,
5,114,548465,5.42,310,200,195,50,
5,114,548465,5.42,310,200,195,50,
5,114,548465,5.42,310,200,195,50,
5,114,548465,5.42,310,200,195,50,
5,114,548465,5.42,310,200,195,50,
5,114,548465,5.42,310,200,195,50,
5,116,555575,14,430,271,274,1,
5,116,555708,14.6,415,270,270,2,
5,116,555708,14.6,415,270,270,2,
5,116,558641,6.4,530,340,390,1,
5,116,558643,4.5,375,315,420,1,palevioletred
5,116,558683,5,540,275,420,2,
5,116,558683,5,540,275,420,2,
5,116,558866,5.7,386,356,392,1,lightgoldenrodyellow
5,116,558868,5.1,525,280,405,2,
5,116,558868,5.1,525,280,405,2,
5,116,559206,5.8,362,209,172,1,
5,116,601450,7.8,360,215,305,1,
5,116,601868,12.5,425,270,237,2,
5,116,601868,12.5,425,270,237,2,
5,116,940736,8.4,359,190,230,1,
5,150,573228,4.34,290,170,180,3,
5,150,573228,4.34,290,170,180,3,
5,150,573228,4.34,290,170,180,3,
5,150,583285,4.78,290,200,230,1,
5,150,601449,7.8,361,215,264,1,
5,150,601450,7.8,360,215,305,11,
5,150,601450,7.8,360,215,305,11,
5,150,601450,7.8,360,215,305,11,
5,150,601450,7.8,360,215,305,11,
5,150,601450,7.8,360,215,305,11,
5,150,601450,7.8,360,215,305,11,
5,150,601450,7.8,360,215,305,11,
5,150,601450,7.8,360,215,305,11,
5,150,601450,7.8,360,215,305,11,
5,150,601450,7.8,360,215,305,11,
5,150,601450,7.8,360,215,305,11,
5,150,601451,7.8,355,215,305,3,
5,150,601451,7.8,355,215,305,3,
5,150,601451,7.8,355,215,305,3,
5,150,601452,7.8,355,210,260,1,
5,150,601453,7.8,356,217,311,1,
5,150,601456,7.8,360,215,305,1,
5,150,601457,7.8,355,210,265,1,
5,150,601458,7.9,355,215,305,12,
5,150,601458,7.9,355,215,305,12,
5,150,601458,7.9,355,215,305,12,
5,150,601458,7.9,355,215,305,12,
5,150,601458,7.9,355,215,305,12,
5,150,601458,7.9,355,215,305,12,
5,150,601458,7.9,355,215,305,12,
5,150,601458,7.9,355,215,305,12,
5,150,601458,7.9,355,215,305,12,
5,150,601458,7.9,355,215,305,12,
5,150,601458,7.9,355,215,305,12,
5,150,601458,7.9,355,215,305,12,
5,150,601711,7.8,400,295,235,1,
5,150,601734,14.2,423,269,275,10,
5,150,601734,14.2,423,269,275,10,
5,150,601734,14.2,423,269,275,10,
5,150,601734,14.2,423,269,275,10,
5,150,601734,14.2,423,269,275,10,
5,150,601734,14.2,423,269,275,10,
5,150,601734,14.2,423,269,275,10,
5,150,601734,14.2,423,269,275,10,
5,150,601734,14.2,423,269,275,10,
5,150,601734,14.2,423,269,275,10,
5,150,601748,12.2,390,255,230,4,
5,150,601748,12.2,390,255,230,4,
5,150,601748,12.2,390,255,230,4,
5,150,601748,12.2,390,255,230,4,
5,150,601750,7.5,398,252,264,2,
5,150,601750,7.5,398,252,264,2,
5,150,601751,13.8,345,310,285,1,
5,150,601867,10.8,377,338,239,1,
5,150,601868,12.5,425,270,237,4,
5,150,601868,12.5,425,270,237,4,
5,150,601868,12.5,425,270,237,4,
5,150,601868,12.5,425,270,237,4,
6,146,549133,5.5,359,214,173,1,
6,146,551019,7.54,280,190,225,1,
6,146,551492,5.82,355,210,210,1,
6,146,554070,6.56,320,170,205,2,
6,146,554070,6.56,320,170,205,2,
6,146,554071,6.5,325,175,210,5,
6,146,554071,6.5,325,175,210,5,
6,146,554071,6.5,325,175,210,5,
6,146,554071,6.5,325,175,210,5,
6,146,554071,6.5,325,175,210,5,
6,146,554216,6.54,316,170,211,1,
6,146,554289,7.2,320,180,210,3,
6,146,554289,7.2,320,180,210,3,
6,146,554289,7.2,320,180,210,3,
6,146,554809,7.16,320,180,210,1,
6,146,558820,4.5,430,325,396,1,
6,146,558821,4.7,410,330,380,3,
6,146,558821,4.7,410,330,380,3,
6,146,558821,4.7,410,330,380,3,
6,146,559200,14.5,395,315,260,6,
6,146,559200,14.5,395,315,260,6,
6,146,559200,14.5,395,315,260,6,
6,146,559200,14.5,395,315,260,6,
6,146,559200,14.5,395,315,260,6,
6,146,559200,14.5,395,315,260,6,
6,146,559206,5.8,362,209,172,4,
6,146,559206,5.8,362,209,172,4,
6,146,559206,5.8,362,209,172,4,
6,146,559206,5.8,362,209,172,4,
6,146,601451,7.8,355,215,305,2,
6,146,601451,7.8,355,215,305,2,
6,146,601458,7.9,355,215,305,2,
6,146,601458,7.9,355,215,305,2,
6,146,602792,3.9,380,315,380,3,
6,146,602792,3.9,380,315,380,3,
6,146,602792,3.9,380,315,380,3,
6,146,602794,3.7,395,310,400,2,
6,146,602794,3.7,395,310,400,2,
6,146,603213,8.4,361,214,237,1,
6,146,916234,15.9,420,270,270,2,
6,146,916234,15.9,420,270,270,2,
6,146,916235,15.9,430,271,274,1,
6,146,916236,9.4,414,240,221,1,
6,146,919417,7.3,306,233,200,3,
6,146,919417,7.3,306,233,200,3,
6,146,919417,7.3,306,233,200,3,
6,146,919432,7.3,300,230,195,1,
6,146,919440,7.6,305,230,200,1,
6,146,919442,7.58,300,230,200,2,
6,146,919442,7.58,300,230,200,2,
6,146,919445,10.2,354,236,259,1,
6,146,940367,6.1,362,209,220,1,
6,146,940426,5.8,350,210,210,1,
6,190,601449,7.8,361,215,264,1,
6,190,919423,10.9,350,195,255,1,
6,190,936559,2.7,510,280,324,1,
6,190,936562,2.3,445,310,185,1,
6,190,936565,4.1,430,310,425,1,
6,190,938812,3.2,349,318,339,1,
6,190,938813,3.3,432,238,339,1,
6,190,938814,3.9,426,318,365,1,
6,190,938815,3.7,377,354,339,1,
6,190,938816,2.8,480,275,340,1,
6,190,941240,7.7,355,215,265,1,
6,190,941370,11.7,352,198,255,1,
6,190,944065,8.3,361,214,237,1,
8,249,559862,6.4,270,205,215,18,
8,249,559862,6.4,270,205,215,18,
8,249,559862,6.4,270,205,215,18,
8,249,559862,6.4,270,205,215,18,
8,249,559862,6.4,270,205,215,18,
8,249,559862,6.4,270,205,215,18,
8,249,559862,6.4,270,205,215,18,
8,249,559862,6.4,270,205,215,18,
8,249,559862,6.4,270,205,215,18,
8,249,559862,6.4,270,205,215,18,
8,249,559862,6.4,270,205,215,18,
8,249,559862,6.4,270,205,215,18,
8,249,559862,6.4,270,205,215,18,
8,249,559862,6.4,270,205,215,18,
8,249,559862,6.4,270,205,215,18,
8,249,559862,6.4,270,205,215,18,
8,249,559862,6.4,270,205,215,18,
8,249,559862,6.4,270,205,215,18,
8,249,559863,6.4,274,207,220,18,
8,249,559863,6.4,274,207,220,18,
8,249,559863,6.4,274,207,220,18,
8,249,559863,6.4,274,207,220,18,
8,249,559863,6.4,274,207,220,18,
8,249,559863,6.4,274,207,220,18,
8,249,559863,6.4,274,207,220,18,
8,249,559863,6.4,274,207,220,18,
8,249,559863,6.4,274,207,220,18,
8,249,559863,6.4,274,207,220,18,
8,249,559863,6.4,274,207,220,18,
8,249,559863,6.4,274,207,220,18,
8,249,559863,6.4,274,207,220,18,
8,249,559863,6.4,274,207,220,18,
8,249,559863,6.4,274,207,220,18,
8,249,559863,6.4,274,207,220,18,
8,249,559863,6.4,274,207,220,18,
8,249,559863,6.4,274,207,220,18,
8,249,559864,6.32,270,205,220,5,
8,249,559864,6.32,270,205,220,5,
8,249,559864,6.32,270,205,220,5,
8,249,559864,6.32,270,205,220,5,
8,249,559864,6.32,270,205,220,5,
8,249,559865,6.46,270,205,220,5,
8,249,559865,6.46,270,205,220,5,
8,249,559865,6.46,270,205,220,5,
8,249,559865,6.46,270,205,220,5,
8,249,559865,6.46,270,205,220,5,
8,249,559871,6.32,270,205,220,5,
8,249,559871,6.32,270,205,220,5,
8,249,559871,6.32,270,205,220,5,
8,249,559871,6.32,270,205,220,5,
8,249,559871,6.32,270,205,220,5,
8,249,559874,6.32,270,205,215,5,
8,249,559874,6.32,270,205,215,5,
8,249,559874,6.32,270,205,215,5,
8,249,559874,6.32,270,205,215,5,
8,249,559874,6.32,270,205,215,5,
8,261,550677,9,355,270,205,1,
8,261,553114,4.4,365,270,390,1,
8,261,553115,4.9,400,270,375,2,
8,261,553115,4.9,400,270,375,2,
8,261,558769,11.7,430,271,237,1,mediumvioletred
8,261,559257,4.1,365,320,405,4,
8,261,559257,4.1,365,320,405,4,
8,261,559257,4.1,365,320,405,4,
8,261,559257,4.1,365,320,405,4,
8,261,559258,4.1,375,315,420,5,
8,261,559258,4.1,375,315,420,5,
8,261,559258,4.1,375,315,420,5,
8,261,559258,4.1,375,315,420,5,
8,261,559258,4.1,375,315,420,5,
8,261,601450,7.8,360,215,305,2,
8,261,601450,7.8,360,215,305,2,
8,261,601451,7.8,355,215,305,2,
8,261,601451,7.8,355,215,305,2,
8,261,601453,7.8,356,217,311,2,
8,261,601453,7.8,356,217,311,2,
8,261,601456,7.8,360,215,305,1,
8,261,601458,7.9,355,215,305,2,
8,261,601458,7.9,355,215,305,2,
8,261,913775,7.1,305,270,230,1,
8,261,940876,8.2,355,210,235,1,
8,261,940878,8.2,361,214,237,1,
8,261,940879,8.2,361,214,237,1,
8,261,941371,11.7,350,195,255,1,
10,271,534736,8.6,361,215,265,5,
10,271,534736,8.6,361,215,265,5,
10,271,534736,8.6,361,215,265,5,
10,271,534736,8.6,361,215,265,5,
10,271,534736,8.6,361,215,265,5,
10,271,550919,8.6,405,200,160,1,
10,271,551043,4.38,350,215,285,1,
10,271,551477,12.5,430,271,237,5,
10,271,551477,12.5,430,271,237,5,
10,271,551477,12.5,430,271,237,5,
10,271,551477,12.5,430,271,237,5,
10,271,551477,12.5,430,271,237,5,
10,271,554289,7.2,320,180,210,2,
10,271,554289,7.2,320,180,210,2,
10,271,554811,7.12,315,180,215,1,
10,271,554962,2.7,460,265,368,1,mediumpurple
10,271,554964,2.8,480,260,395,1,
10,271,558812,7.38,385,316,132,8,mediumspringgreen
10,271,558812,7.38,385,316,132,8,mediumspringgreen
10,271,558812,7.38,385,316,132,8,mediumspringgreen
10,271,558812,7.38,385,316,132,8,mediumspringgreen
10,271,558812,7.38,385,316,132,8,mediumspringgreen
10,271,558812,7.38,385,316,132,8,mediumspringgreen
10,271,558812,7.38,385,316,132,8,mediumspringgreen
10,271,558812,7.38,385,316,132,8,mediumspringgreen
10,271,559648,10.3,364,257,276,4,
10,271,559648,10.3,364,257,276,4,
10,271,559648,10.3,364,257,276,4,
10,271,559648,10.3,364,257,276,4,
10,271,559832,10.6,360,250,275,5,
10,271,559832,10.6,360,250,275,5,
10,271,559832,10.6,360,250,275,5,
10,271,559832,10.6,360,250,275,5,
10,271,559832,10.6,360,250,275,5,
10,271,559972,10.5,403,256,234,1,
10,271,601868,12.5,425,270,237,5,
10,271,601868,12.5,425,270,237,5,
10,271,601868,12.5,425,270,237,5,
10,271,601868,12.5,425,270,237,5,
10,271,601868,12.5,425,270,237,5,
10,271,603492,8.7,414,240,221,1,
10,271,612006,8,356,217,311,1,
10,271,612007,7.78,350,210,310,1,
10,271,940234,7.8,336,298,228,5,
10,271,940234,7.8,336,298,228,5,
10,271,940234,7.8,336,298,228,5,
10,271,940234,7.8,336,298,228,5,
10,271,940234,7.8,336,298,228,5,
10,271,940425,7.3,422,216,234,1,
10,271,940724,6.6,281,229,236,1,
10,271,941241,7.92,355,215,265,3,
10,271,941241,7.92,355,215,265,3,
10,271,941241,7.92,355,215,265,3,
10,271,941371,11.7,350,195,255,1,
10,271,977715,8.5,410,199,163,1,
10,304,547399,8.18,330,265,250,1,tan
10,304,554914,16.05,458,223,302,2,
10,304,554914,16.05,458,223,302,2,
10,304,558229,7.1,360,335,145,1,
10,306,532174,13.85,360,320,275,1,
10,306,534736,8.6,361,215,265,1,
10,306,536877,3.4,398,252,230,1,
10,306,549133,5.5,359,214,173,2,
10,306,549133,5.5,359,214,173,2,
10,306,549143,20,440,310,315,1,
10,306,550819,19.5,435,300,318,1,
10,306,551477,12.5,430,271,237,1,
10,306,554289,7.2,320,180,210,1,
10,306,554914,16.05,458,223,302,1,
10,306,558229,7.1,360,335,145,1,
10,306,558641,6.4,530,340,390,1,
10,306,559114,7.8,355,215,305,1,
10,306,559200,14.5,395,315,260,1,
10,306,559565,7.1,300,255,206,1,
10,306,601453,7.8,356,217,311,2,
10,306,601453,7.8,356,217,311,2,
10,306,601458,7.9,355,215,305,2,
10,306,601458,7.9,355,215,305,2,
10,306,601734,14.2,423,269,275,2,
10,306,601734,14.2,423,269,275,2,
10,306,601868,12.5,425,270,237,1,
10,306,601869,8.7,356,217,291,17,
10,306,601869,8.7,356,217,291,17,
10,306,601869,8.7,356,217,291,17,
10,306,601869,8.7,356,217,291,17,
10,306,601869,8.7,356,217,291,17,
10,306,601869,8.7,356,217,291,17,
10,306,601869,8.7,356,217,291,17,
10,306,601869,8.7,356,217,291,17,
10,306,601869,8.7,356,217,291,17,
10,306,601869,8.7,356,217,291,17,
10,306,601869,8.7,356,217,291,17,
10,306,601869,8.7,356,217,291,17,
10,306,601869,8.7,356,217,291,17,
10,306,601869,8.7,356,217,291,17,
10,306,601869,8.7,356,217,291,17,
10,306,601869,8.7,356,217,291,17,
10,306,601869,8.7,356,217,291,17,
10,306,916235,15.9,430,271,274,2,
10,306,916235,15.9,430,271,274,2,
10,306,916236,9.4,414,240,221,1,
10,306,919433,10.9,352,198,255,1,
10,306,941852,8.4,360,190,225,1,
10,398,548336,2.06,275,190,150,3,
10,398,548336,2.06,275,190,150,3,
10,398,548336,2.06,275,190,150,3,
10,398,558802,7.36,385,315,130,1,
10,398,940392,8.1,361,291,226,1,
10,398,940394,8.1,361,291,226,1,
11,342,534736,8.6,361,215,265,5,
11,342,534736,8.6,361,215,265,5,
11,342,534736,8.6,361,215,265,5,
11,342,534736,8.6,361,215,265,5,
11,342,534736,8.6,361,215,265,5,
11,342,601869,8.7,356,217,291,1,
11,342,919556,7.5,270,265,225,1,
11,423,573397,8.68,383,242,195,4,
11,423,573397,8.68,383,242,195,4,
11,423,573397,8.68,383,242,195,4,
11,423,573397,8.68,383,242,195,4,
11,423,602350,10,355,345,200,5,
11,423,602350,10,355,345,200,5,
11,423,602350,10,355,345,200,5,
11,423,602350,10,355,345,200,5,
11,423,602350,10,355,345,200,5,
11,423,602352,10,355,350,200,10,darkkhaki
11,423,602352,10,355,350,200,10,darkkhaki
11,423,602352,10,355,350,200,10,darkkhaki
11,423,602352,10,355,350,200,10,darkkhaki
11,423,602352,10,355,350,200,10,darkkhaki
11,423,602352,10,355,350,200,10,darkkhaki
11,423,602352,10,355,350,200,10,darkkhaki
11,423,602352,10,355,350,200,10,darkkhaki
11,423,602352,10,355,350,200,10,darkkhaki
11,423,602352,10,355,350,200,10,darkkhaki
11,423,935248,8.2,348,298,230,5,
11,423,935248,8.2,348,298,230,5,
11,423,935248,8.2,348,298,230,5,
11,423,935248,8.2,348,298,230,5,
11,423,935248,8.2,348,298,230,5,
11,9198,699149,7.58,540,330,415,6,
11,9198,699149,7.58,540,330,415,6,
11,9198,699149,7.58,540,330,415,6,
11,9198,699149,7.58,540,330,415,6,
11,9198,699149,7.58,540,330,415,6,
11,9198,699149,7.58,540,330,415,6,
11,9198,699151,7.9,540,330,495,3,
11,9198,699151,7.9,540,330,495,3,
11,9198,699151,7.9,540,330,495,3,
11,9198,699171,10.1,520,330,410,8,
11,9198,699171,10.1,520,330,410,8,
11,9198,699171,10.1,520,330,410,8,
11,9198,699171,10.1,520,330,410,8,
11,9198,699171,10.1,520,330,410,8,
11,9198,699171,10.1,520,330,410,8,
11,9198,699171,10.1,520,330,410,8,
11,9198,699171,10.1,520,330,410,8,
14,506,530465,1.22,300,170,190,12,
14,506,530465,1.22,300,170,190,12,
14,506,530465,1.22,300,170,190,12,
14,506,530465,1.22,300,170,190,12,
14,506,530465,1.22,300,170,190,12,
14,506,530465,1.22,300,170,190,12,
14,506,530465,1.22,300,170,190,12,
14,506,530465,1.22,300,170,190,12,
14,506,530465,1.22,300,170,190,12,
14,506,530465,1.22,300,170,190,12,
14,506,530465,1.22,300,170,190,12,
14,506,530465,1.22,300,170,190,12,
14,506,532173,17.8,528,248,243,13,
14,506,532173,17.8,528,248,243,13,
14,506,532173,17.8,528,248,243,13,
14,506,532173,17.8,528,248,243,13,
14,506,532173,17.8,528,248,243,13,
14,506,532173,17.8,528,248,243,13,
14,506,532173,17.8,528,248,243,13,
14,506,532173,17.8,528,248,243,13,
14,506,532173,17.8,528,248,243,13,
14,506,532173,17.8,528,248,243,13,
14,506,532173,17.8,528,248,243,13,
14,506,532173,17.8,528,248,243,13,
14,506,532173,17.8,528,248,243,13,
14,506,556806,3.8,293,202,190,11,
14,506,556806,3.8,293,202,190,11,
14,506,556806,3.8,293,202,190,11,
14,506,556806,3.8,293,202,190,11,
14,506,556806,3.8,293,202,190,11,
14,506,556806,3.8,293,202,190,11,
14,506,556806,3.8,293,202,190,11,
14,506,556806,3.8,293,202,190,11,
14,506,556806,3.8,293,202,190,11,
14,506,556806,3.8,293,202,190,11,
14,506,556806,3.8,293,202,190,11,
14,506,601831,2.1,520,265,155,7,
14,506,601831,2.1,520,265,155,7,
14,506,601831,2.1,520,265,155,7,
14,506,601831,2.1,520,265,155,7,
14,506,601831,2.1,520,265,155,7,
14,506,601831,2.1,520,265,155,7,
14,506,601831,2.1,520,265,155,7,
14,506,604207,8.8,355,270,205,13,
14,506,604207,8.8,355,270,205,13,
14,506,604207,8.8,355,270,205,13,
14,506,604207,8.8,355,270,205,13,
14,506,604207,8.8,355,270,205,13,
14,506,604207,8.8,355,270,205,13,
14,506,604207,8.8,355,270,205,13,
14,506,604207,8.8,355,270,205,13,
14,506,604207,8.8,355,270,205,13,
14,506,604207,8.8,355,270,205,13,
14,506,604207,8.8,355,270,205,13,
14,506,604207,8.8,355,270,205,13,
14,506,604207,8.8,355,270,205,13,
14,506,900023,7.3,320,213,193,15,
14,506,900023,7.3,320,213,193,15,
14,506,900023,7.3,320,213,193,15,
14,506,900023,7.3,320,213,193,15,
14,506,900023,7.3,320,213,193,15,
14,506,900023,7.3,320,213,193,15,
14,506,900023,7.3,320,213,193,15,
14,506,900023,7.3,320,213,193,15,
14,506,900023,7.3,320,213,193,15,
14,506,900023,7.3,320,213,193,15,
14,506,900023,7.3,320,213,193,15,
14,506,900023,7.3,320,213,193,15,
14,506,900023,7.3,320,213,193,15,
14,506,900023,7.3,320,213,193,15,
14,506,900023,7.3,320,213,193,15,
17,115,553089,9.3,520,365,400,1,
17,115,558641,6.4,530,340,390,6,
17,115,558641,6.4,530,340,390,6,
17,115,558641,6.4,530,340,390,6,
17,115,558641,6.4,530,340,390,6,
17,115,558641,6.4,530,340,390,6,
17,115,558641,6.4,530,340,390,6,
17,115,558683,5,540,275,420,5,
17,115,558683,5,540,275,420,5,
17,115,558683,5,540,275,420,5,
17,115,558683,5,540,275,420,5,
17,115,558683,5,540,275,420,5,
17,115,558820,4.5,430,325,396,1,
17,115,558821,4.7,410,330,380,1,
17,115,558824,5.7,410,330,390,1,
17,115,558840,5.6,450,360,381,4,
17,115,558840,5.6,450,360,381,4,
17,115,558840,5.6,450,360,381,4,
17,115,558840,5.6,450,360,381,4,
17,115,558862,4.6,545,265,360,1,
17,115,558868,5.1,525,280,405,2,
17,115,558868,5.1,525,280,405,2,
17,116,558802,7.36,385,315,130,1,
17,116,558809,5.6,565,265,395,1,
17,116,558820,4.5,430,325,396,2,
17,116,558820,4.5,430,325,396,2,
17,116,601869,8.7,356,217,291,1,
17,116,941026,8.3,385,315,130,1,
17,116,943189,4,383,313,453,2,
17,116,943189,4,383,313,453,2,
17,116,943190,3.9,398,308,469,2,
17,116,943190,3.9,398,308,469,2,
18,168,556806,3.8,293,202,190,1,
18,168,557115,1.9,290,170,210,1,
18,168,557116,1.4,256,136,211,1,
18,168,557117,1.4,256,136,211,1,
18,168,604082,5.9,355,210,185,2,
18,168,604082,5.9,355,210,185,2,
18,168,604393,2.5,230,185,180,2,
18,168,604393,2.5,230,185,180,2,
18,168,604394,2.5,230,190,180,2,
18,168,604394,2.5,230,190,180,2,
18,168,604395,2.5,230,190,180,2,
18,168,604395,2.5,230,190,180,2,
18,218,939999,1.5,320,210,270,14,
18,218,939999,1.5,320,210,270,14,
18,218,939999,1.5,320,210,270,14,
18,218,939999,1.5,320,210,270,14,
18,218,939999,1.5,320,210,270,14,
18,218,939999,1.5,320,210,270,14,
18,218,939999,1.5,320,210,270,14,
18,218,939999,1.5,320,210,270,14,
18,218,939999,1.5,320,210,270,14,
18,218,939999,1.5,320,210,270,14,
18,218,939999,1.5,320,210,270,14,
18,218,939999,1.5,320,210,270,14,
18,218,939999,1.5,320,210,270,14,
18,218,939999,1.5,320,210,270,14,
18,218,940000,1.5,320,208,274,55,
18,218,940000,1.5,320,208,274,55,
18,218,940000,1.5,320,208,274,55,
18,218,940000,1.5,320,208,274,55,
18,218,940000,1.5,320,208,274,55,
18,218,940000,1.5,320,208,274,55,
18,218,940000,1.5,320,208,274,55,
18,218,940000,1.5,320,208,274,55,
18,218,940000,1.5,320,208,274,55,
18,218,940000,1.5,320,208,274,55,
18,218,940000,1.5,320,208,274,55,
18,218,940000,1.5,320,208,274,55,
18,218,940000,1.5,320,208,274,55,
18,218,940000,1.5,320,208,274,55,
18,218,940000,1.5,320,208,274,55,
18,218,940000,1.5,320,208,274,55,
18,218,940000,1.5,320,208,274,55,
18,218,940000,1.5,320,208,274,55,
18,218,940000,1.5,320,208,274,55,
18,218,940000,1.5,320,208,274,55,
18,218,940000,1.5,320,208,274,55,
18,218,940000,1.5,320,208,274,55,
18,218,940000,1.5,320,208,274,55,
18,218,940000,1.5,320,208,274,55,
18,218,940000,1.5,320,208,274,55,
18,218,940000,1.5,320,208,274,55,
18,218,940000,1.5,320,208,274,55,
18,218,940000,1.5,320,208,274,55,
18,218,940000,1.5,320,208,274,55,
18,218,940000,1.5,320,208,274,55,
18,218,940000,1.5,320,208,274,55,
18,218,940000,1.5,320,208,274,55,
18,218,940000,1.5,320,208,274,55,
18,218,940000,1.5,320,208,274,55,
18,218,940000,1.5,320,208,274,55,
18,218,940000,1.5,320,208,274,55,
18,218,940000,1.5,320,208,274,55,
18,218,940000,1.5,320,208,274,55,
18,218,940000,1.5,320,208,274,55,
18,218,940000,1.5,320,208,274,55,
18,218,940000,1.5,320,208,274,55,
18,218,940000,1.5,320,208,274,55,
18,218,940000,1.5,320,208,274,55,
18,218,940000,1.5,320,208,274,55,
18,218,940000,1.5,320,208,274,55,
18,218,940000,1.5,320,208,274,55,
18,218,940000,1.5,320,208,274,55,
18,218,940000,1.5,320,208,274,55,
18,218,940000,1.5,320,208,274,55,
18,218,940000,1.5,320,208,274,55,
18,218,940000,1.5,320,208,274,55,
18,218,940000,1.5,320,208,274,55,
18,218,940000,1.5,320,208,274,55,
18,218,940000,1.5,320,208,274,55,
18,218,940000,1.5,320,208,274,55,
19,280,548336,2.06,275,190,150,3,
19,280,548336,2.06,275,190,150,3,
19,280,548336,2.06,275,190,150,3,
19,280,548385,6.46,425,250,200,2,
19,280,548385,6.46,425,250,200,2,
19,280,548464,5.2,315,200,205,2,
19,280,548464,5.2,315,200,205,2,
19,280,940392,8.1,361,291,226,1,
20,231,531045,6.5,355,159,261,1,
20,231,537298,7.36,435,215,230,1,
20,231,547399,8.18,330,265,250,2,tan
20,231,547399,8.18,330,265,250,2,tan
20,231,548635,3.46,475,318,360,1,
20,231,550936,12.3,490,262,166,1,
20,231,551429,3.5,475,265,445,1,
20,231,554216,6.54,316,170,211,1,
20,231,554658,11.5,420,215,260,1,
20,231,557623,1.7,435,340,235,1,
20,231,557940,3,403,245,362,1,
20,231,558229,7.1,360,335,145,2,
20,231,558229,7.1,360,335,145,2,
20,231,558683,5,540,275,420,2,
20,231,558683,5,540,275,420,2,
20,231,558765,11.6,555,245,265,1,
20,231,559111,7.9,355,220,310,1,
20,231,601449,7.8,361,215,264,1,
20,231,601452,7.8,355,210,260,1,
20,231,601456,7.8,360,215,305,1,
20,231,601458,7.9,355,215,305,2,
20,231,601458,7.9,355,215,305,2,
20,231,601460,7.86,356,214,262,1,
20,231,601869,8.7,356,217,291,4,
20,231,601869,8.7,356,217,291,4,
20,231,601869,8.7,356,217,291,4,
20,231,601869,8.7,356,217,291,4,
20,231,601996,5.9,398,236,235,1,
20,231,602800,3.3,398,308,399,1,
20,231,699474,5.5,345,210,175,1,
20,231,699970,3.3,458,314,384,1,
20,231,915806,12.9,480,285,175,1,
20,231,919421,9.8,354,236,259,1,
20,299,534734,8.6,350,215,265,2,royalblue
20,299,534734,8.6,350,215,265,2,royalblue
20,299,534736,8.6,361,215,265,4,
20,299,534736,8.6,361,215,265,4,
20,299,534736,8.6,361,215,265,4,
20,299,534736,8.6,361,215,265,4,
20,299,545366,8.9,361,271,205,1,
20,299,545370,8.84,360,270,205,1,
20,299,550677,9,355,270,205,1,
20,299,550678,8.9,350,270,205,1,chartreuse
20,299,551477,12.5,430,271,237,1,
20,299,553089,9.3,520,365,400,4,
20,299,553089,9.3,520,365,400,4,
20,299,553089,9.3,520,365,400,4,
20,299,553089,9.3,520,365,400,4,
20,299,554658,11.5,420,215,260,3,
20,299,554658,11.5,420,215,260,3,
20,299,554658,11.5,420,215,260,3,
20,299,558763,8.2,355,215,285,1,
20,299,558769,11.7,430,271,237,1,mediumvioletred
20,299,558802,7.36,385,315,130,8,
20,299,558802,7.36,385,315,130,8,
20,299,558802,7.36,385,315,130,8,
20,299,558802,7.36,385,315,130,8,
20,299,558802,7.36,385,315,130,8,
20,299,558802,7.36,385,315,130,8,
20,299,558802,7.36,385,315,130,8,
20,299,558802,7.36,385,315,130,8,
20,299,558862,4.6,545,265,360,1,
20,299,559206,5.8,362,209,172,2,
20,299,559206,5.8,362,209,172,2,
20,299,579347,16.4,340,330,340,1,
20,299,601450,7.8,360,215,305,1,
20,299,601748,12.2,390,255,230,2,
20,299,601748,12.2,390,255,230,2,
20,299,601869,8.7,356,217,291,2,
20,299,601869,8.7,356,217,291,2,
20,299,603490,8.7,400,235,220,1,
20,299,603491,8.7,395,235,215,1,
20,299,603493,8.7,414,240,221,2,
20,299,603493,8.7,414,240,221,2,
20,299,611012,7.84,355,214,262,2,
20,299,611012,7.84,355,214,262,2,
20,299,941244,7.8,361,215,264,1,
20,299,941369,11.7,350,195,255,1,
21,193,558802,7.36,385,315,130,13,
21,193,558802,7.36,385,315,130,13,
21,193,558802,7.36,385,315,130,13,
21,193,558802,7.36,385,315,130,13,
21,193,558802,7.36,385,315,130,13,
21,193,558802,7.36,385,315,130,13,
21,193,558802,7.36,385,315,130,13,
21,193,558802,7.36,385,315,130,13,
21,193,558802,7.36,385,315,130,13,
21,193,558802,7.36,385,315,130,13,
21,193,558802,7.36,385,315,130,13,
21,193,558802,7.36,385,315,130,13,
21,193,558802,7.36,385,315,130,13,
21,193,559096,7.3,361,215,264,1,
21,193,941240,7.7,355,215,265,4,
21,193,941240,7.7,355,215,265,4,
21,193,941240,7.7,355,215,265,4,
21,193,941240,7.7,355,215,265,4,
21,193,941244,7.8,361,215,264,4,
21,193,941244,7.8,361,215,264,4,
21,193,941244,7.8,361,215,264,4,
21,193,941244,7.8,361,215,264,4,
21,288,558229,7.1,360,335,145,1,
21,288,558868,5.1,525,280,405,1,
21,9557,557620,1.7,580,400,280,3,
21,9557,557620,1.7,580,400,280,3,
21,9557,557620,1.7,580,400,280,3,
21,9557,699541,3,410,310,155,1,
22,382,538317,8.58,355,305,250,2,
22,382,538317,8.58,355,305,250,2,
22,382,554331,8.9,443,207,212,15,
22,382,554331,8.9,443,207,212,15,
22,382,554331,8.9,443,207,212,15,
22,382,554331,8.9,443,207,212,15,
22,382,554331,8.9,443,207,212,15,
22,382,554331,8.9,443,207,212,15,
22,382,554331,8.9,443,207,212,15,
22,382,554331,8.9,443,207,212,15,
22,382,554331,8.9,443,207,212,15,
22,382,554331,8.9,443,207,212,15,
22,382,554331,8.9,443,207,212,15,
22,382,554331,8.9,443,207,212,15,
22,382,554331,8.9,443,207,212,15,
22,382,554331,8.9,443,207,212,15,
22,382,554331,8.9,443,207,212,15,
22,382,556259,8.2,414,240,221,15,
22,382,556259,8.2,414,240,221,15,
22,382,556259,8.2,414,240,221,15,
22,382,556259,8.2,414,240,221,15,
22,382,556259,8.2,414,240,221,15,
22,382,556259,8.2,414,240,221,15,
22,382,556259,8.2,414,240,221,15,
22,382,556259,8.2,414,240,221,15,
22,382,556259,8.2,414,240,221,15,
22,382,556259,8.2,414,240,221,15,
22,382,556259,8.2,414,240,221,15,
22,382,556259,8.2,414,240,221,15,
22,382,556259,8.2,414,240,221,15,
22,382,556259,8.2,414,240,221,15,
22,382,556259,8.2,414,240,221,15,
22,382,559580,8.6,385,265,180,15,
22,382,559580,8.6,385,265,180,15,
22,382,559580,8.6,385,265,180,15,
22,382,559580,8.6,385,265,180,15,
22,382,559580,8.6,385,265,180,15,
22,382,559580,8.6,385,265,180,15,
22,382,559580,8.6,385,265,180,15,
22,382,559580,8.6,385,265,180,15,
22,382,559580,8.6,385,265,180,15,
22,382,559580,8.6,385,265,180,15,
22,382,559580,8.6,385,265,180,15,
22,382,559580,8.6,385,265,180,15,
22,382,559580,8.6,385,265,180,15,
22,382,559580,8.6,385,265,180,15,
22,382,559580,8.6,385,265,180,15,
22,382,559731,2,345,305,220,13,
22,382,559731,2,345,305,220,13,
22,382,559731,2,345,305,220,13,
22,382,559731,2,345,305,220,13,
22,382,559731,2,345,305,220,13,
22,382,559731,2,345,305,220,13,
22,382,559731,2,345,305,220,13,
22,382,559731,2,345,305,220,13,
22,382,559731,2,345,305,220,13,
22,382,559731,2,345,305,220,13,
22,382,559731,2,345,305,220,13,
22,382,559731,2,345,305,220,13,
22,382,559731,2,345,305,220,13,
23,230,546752,5.76,355,210,215,1,
23,230,550794,9,356,217,311,1,
23,230,551043,4.38,350,215,285,2,
23,230,551043,4.38,350,215,285,2,
23,230,552998,23,440,305,310,1,
23,230,558229,7.1,360,335,145,3,
23,230,558229,7.1,360,335,145,3,
23,230,558229,7.1,360,335,145,3,
23,230,558802,7.36,385,315,130,10,
23,230,558802,7.36,385,315,130,10,
23,230,558802,7.36,385,315,130,10,
23,230,558802,7.36,385,315,130,10,
23,230,558802,7.36,385,315,130,10,
23,230,558802,7.36,385,315,130,10,
23,230,558802,7.36,385,315,130,10,
23,230,558802,7.36,385,315,130,10,
23,230,558802,7.36,385,315,130,10,
23,230,558802,7.36,385,315,130,10,
23,230,558829,9.9,354,236,259,1,
23,230,558937,14,420,210,300,1,
23,230,559100,7.6,356,217,311,1,
23,230,559206,5.8,362,209,172,4,
23,230,559206,5.8,362,209,172,4,
23,230,559206,5.8,362,209,172,4,
23,230,559206,5.8,362,209,172,4,
23,230,559785,16,460,223,307,1,
23,230,579347,16.4,340,330,340,2,
23,230,579347,16.4,340,330,340,2,
23,230,601458,7.9,355,215,305,4,
23,230,601458,7.9,355,215,305,4,
23,230,601458,7.9,355,215,305,4,
23,230,601458,7.9,355,215,305,4,
23,230,616855,8.9,350,265,205,1,
23,230,919418,10.85,345,195,255,1,
23,230,919423,10.9,350,195,255,1,
23,230,919445,10.2,354,236,259,1,
23,9771,559255,4.8,380,340,370,1,
23,9771,559260,3.3,378,258,372,1,
24,259,548336,2.06,275,190,150,2,
24,259,548336,2.06,275,190,150,2,
24,259,548385,6.46,425,250,200,2,
24,259,548385,6.46,425,250,200,2,
24,259,550918,8.5,410,199,163,2,
24,259,550918,8.5,410,199,163,2,
24,259,551477,12.5,430,271,237,1,
24,259,551493,5.8,359,214,215,1,
24,259,555576,8.3,360,214,307,1,
24,259,557673,5.3,277,200,217,1,
24,259,558229,7.1,360,335,145,1,
24,259,558763,8.2,355,215,285,2,
24,259,558763,8.2,355,215,285,2,
24,259,558802,7.36,385,315,130,3,
24,259,558802,7.36,385,315,130,3,
24,259,558802,7.36,385,315,130,3,
24,259,558812,7.38,385,316,132,1,mediumspringgreen
24,259,559206,5.8,362,209,172,1,
24,259,601452,7.8,355,210,260,1,
24,259,601458,7.9,355,215,305,1,
24,259,601632,7.4,350,265,245,1,
24,259,601640,7.4,350,265,245,1,
24,259,601734,14.2,423,269,275,1,
24,259,601869,8.7,356,217,291,1,
24,259,603491,8.7,395,235,215,1,
24,259,699788,7.1,305,275,230,3,
24,259,699788,7.1,305,275,230,3,
24,259,699788,7.1,305,275,230,3,
24,259,916236,9.4,414,240,221,1,
24,368,559206,5.8,362,209,172,1,
24,368,601748,12.2,390,255,230,10,
24,368,601748,12.2,390,255,230,10,
24,368,601748,12.2,390,255,230,10,
24,368,601748,12.2,390,255,230,10,
24,368,601748,12.2,390,255,230,10,
24,368,601748,12.2,390,255,230,10,
24,368,601748,12.2,390,255,230,10,
24,368,601748,12.2,390,255,230,10,
24,368,601748,12.2,390,255,230,10,
24,368,601748,12.2,390,255,230,10,
24,368,699437,3.6,310,210,281,1,
24,368,940426,5.8,350,210,210,1,
24,368,941026,8.3,385,315,130,50,
24,368,941026,8.3,385,315,130,50,
24,368,941026,8.3,385,315,130,50,
24,368,941026,8.3,385,315,130,50,
24,368,941026,8.3,385,315,130,50,
24,368,941026,8.3,385,315,130,50,
24,368,941026,8.3,385,315,130,50,
24,368,941026,8.3,385,315,130,50,
24,368,941026,8.3,385,315,130,50,
24,368,941026,8.3,385,315,130,50,
24,368,941026,8.3,385,315,130,50,
24,368,941026,8.3,385,315,130,50,
24,368,941026,8.3,385,315,130,50,
24,368,941026,8.3,385,315,130,50,
24,368,941026,8.3,385,315,130,50,
24,368,941026,8.3,385,315,130,50,
24,368,941026,8.3,385,315,130,50,
24,368,941026,8.3,385,315,130,50,
24,368,941026,8.3,385,315,130,50,
24,368,941026,8.3,385,315,130,50,
24,368,941026,8.3,385,315,130,50,
24,368,941026,8.3,385,315,130,50,
24,368,941026,8.3,385,315,130,50,
24,368,941026,8.3,385,315,130,50,
24,368,941026,8.3,385,315,130,50,
24,368,941026,8.3,385,315,130,50,
24,368,941026,8.3,385,315,130,50,
24,368,941026,8.3,385,315,130,50,
24,368,941026,8.3,385,315,130,50,
24,368,941026,8.3,385,315,130,50,
24,368,941026,8.3,385,315,130,50,
24,368,941026,8.3,385,315,130,50,
24,368,941026,8.3,385,315,130,50,
24,368,941026,8.3,385,315,130,50,
24,368,941026,8.3,385,315,130,50,
24,368,941026,8.3,385,315,130,50,
24,368,941026,8.3,385,315,130,50,
24,368,941026,8.3,385,315,130,50,
24,368,941026,8.3,385,315,130,50,
24,368,941026,8.3,385,315,130,50,
24,368,941026,8.3,385,315,130,50,
24,368,941026,8.3,385,315,130,50,
24,368,941026,8.3,385,315,130,50,
24,368,941026,8.3,385,315,130,50,
24,368,941026,8.3,385,315,130,50,
24,368,941026,8.3,385,315,130,50,
24,368,941026,8.3,385,315,130,50,
24,368,941026,8.3,385,315,130,50,
24,368,941026,8.3,385,315,130,50,
24,368,941026,8.3,385,315,130,50,
25,326,552744,3.5,383,313,342,1,
25,326,558807,7,565,260,405,1,
25,326,558820,4.5,430,325,396,1,
25,326,558837,5.5,450,345,381,2,
25,326,558837,5.5,450,345,381,2,
25,326,558840,5.6,450,360,381,3,
25,326,558840,5.6,450,360,381,3,
25,326,558840,5.6,450,360,381,3,
25,326,558841,6.8,450,365,395,2,
25,326,558841,6.8,450,365,395,2,
25,326,602789,4.8,453,363,383,2,
25,326,602789,4.8,453,363,383,2,
25,326,602792,3.9,380,315,380,1,
25,326,602798,4.7,450,360,380,3,
25,326,602798,4.7,450,360,380,3,
25,326,602798,4.7,450,360,380,3,
26,182,534736,8.6,361,215,265,1,
26,182,554071,6.5,325,175,210,1,
26,182,558229,7.1,360,335,145,6,
26,182,558229,7.1,360,335,145,6,
26,182,558229,7.1,360,335,145,6,
26,182,558229,7.1,360,335,145,6,
26,182,558229,7.1,360,335,145,6,
26,182,558229,7.1,360,335,145,6,
26,182,558728,8.3,383,313,133,5,
26,182,558728,8.3,383,313,133,5,
26,182,558728,8.3,383,313,133,5,
26,182,558728,8.3,383,313,133,5,
26,182,558728,8.3,383,313,133,5,
26,182,558802,7.36,385,315,130,9,
26,182,558802,7.36,385,315,130,9,
26,182,558802,7.36,385,315,130,9,
26,182,558802,7.36,385,315,130,9,
26,182,558802,7.36,385,315,130,9,
26,182,558802,7.36,385,315,130,9,
26,182,558802,7.36,385,315,130,9,
26,182,558802,7.36,385,315,130,9,
26,182,558802,7.36,385,315,130,9,
26,182,559099,7.8,356,217,311,1,
26,182,601867,10.8,377,338,239,1,
26,379,548336,2.06,275,190,150,2,
26,379,548336,2.06,275,190,150,2,
26,379,548385,6.46,425,250,200,2,
26,379,548385,6.46,425,250,200,2,
26,379,548464,5.2,315,200,205,2,
26,379,548464,5.2,315,200,205,2,
27,232,601869,8.7,356,217,291,6,
27,232,601869,8.7,356,217,291,6,
27,232,601869,8.7,356,217,291,6,
27,232,601869,8.7,356,217,291,6,
27,232,601869,8.7,356,217,291,6,
27,232,601869,8.7,356,217,291,6,
27,232,602792,3.9,380,315,380,1,
27,232,603493,8.7,414,240,221,8,
27,232,603493,8.7,414,240,221,8,
27,232,603493,8.7,414,240,221,8,
27,232,603493,8.7,414,240,221,8,
27,232,603493,8.7,414,240,221,8,
27,232,603493,8.7,414,240,221,8,
27,232,603493,8.7,414,240,221,8,
27,232,603493,8.7,414,240,221,8,
27,232,699260,8.8,400,240,215,2,
27,232,699260,8.8,400,240,215,2,
27,232,919423,10.9,350,195,255,1,
27,232,940367,6.1,362,209,220,1,
27,232,941260,14.2,430,271,274,1,
27,234,551477,12.5,430,271,237,2,
27,234,551477,12.5,430,271,237,2,
27,234,558228,6.4,360,335,145,3,
27,234,558228,6.4,360,335,145,3,
27,234,558228,6.4,360,335,145,3,
27,234,558229,7.1,360,335,145,1,
27,234,559099,7.8,356,217,311,3,
27,234,559099,7.8,356,217,311,3,
27,234,559099,7.8,356,217,311,3,
27,234,559111,7.9,355,220,310,3,
27,234,559111,7.9,355,220,310,3,
27,234,559111,7.9,355,220,310,3,
27,234,601868,12.5,425,270,237,3,
27,234,601868,12.5,425,270,237,3,
27,234,601868,12.5,425,270,237,3,
27,388,602350,10,355,345,200,5,
27,388,602350,10,355,345,200,5,
27,388,602350,10,355,345,200,5,
27,388,602350,10,355,345,200,5,
27,388,602350,10,355,345,200,5,
27,388,602352,10,355,350,200,10,darkkhaki
27,388,602352,10,355,350,200,10,darkkhaki
27,388,602352,10,355,350,200,10,darkkhaki
27,388,602352,10,355,350,200,10,darkkhaki
27,388,602352,10,355,350,200,10,darkkhaki
27,388,602352,10,355,350,200,10,darkkhaki
27,388,602352,10,355,350,200,10,darkkhaki
27,388,602352,10,355,350,200,10,darkkhaki
27,388,602352,10,355,350,200,10,darkkhaki
27,388,602352,10,355,350,200,10,darkkhaki
27,388,602354,12.5,535,360,155,10,firebrick
27,388,602354,12.5,535,360,155,10,firebrick
27,388,602354,12.5,535,360,155,10,firebrick
27,388,602354,12.5,535,360,155,10,firebrick
27,388,602354,12.5,535,360,155,10,firebrick
27,388,602354,12.5,535,360,155,10,firebrick
27,388,602354,12.5,535,360,155,10,firebrick
27,388,602354,12.5,535,360,155,10,firebrick
27,388,602354,12.5,535,360,155,10,firebrick
27,388,602354,12.5,535,360,155,10,firebrick
27,388,603842,9.58,390,265,250,10,
27,388,603842,9.58,390,265,250,10,
27,388,603842,9.58,390,265,250,10,
27,388,603842,9.58,390,265,250,10,
27,388,603842,9.58,390,265,250,10,
27,388,603842,9.58,390,265,250,10,
27,388,603842,9.58,390,265,250,10,
27,388,603842,9.58,390,265,250,10,
27,388,603842,9.58,390,265,250,10,
27,388,603842,9.58,390,265,250,10,
27,388,919417,7.3,306,233,200,5,
27,388,919417,7.3,306,233,200,5,
27,388,919417,7.3,306,233,200,5,
27,388,919417,7.3,306,233,200,5,
27,388,919417,7.3,306,233,200,5,
28,9246,554826,5.88,550,400,380,1,
28,9246,557620,1.7,580,400,280,2,
28,9246,557620,1.7,580,400,280,2,
28,9249,554823,4.63,559,400,208,2,
28,9249,554823,4.63,559,400,208,2,
28,9249,554824,5.88,550,400,380,2,
28,9249,554824,5.88,550,400,380,2,
28,9249,554825,4.42,557,400,209,2,
28,9249,554825,4.42,557,400,209,2,
28,9249,554826,5.88,550,400,380,2,
28,9249,554826,5.88,550,400,380,2,
28,9249,557620,1.7,580,400,280,3,
28,9249,557620,1.7,580,400,280,3,
28,9249,557620,1.7,580,400,280,3,
28,9249,699540,3.9,489,389,159,1,
28,9249,699541,3,410,310,155,2,
28,9249,699541,3,410,310,155,2,
31,132,538786,8.2,545,270,445,1,
31,132,553089,9.3,520,365,400,1,
31,132,977715,8.5,410,199,163,1,
31,141,548336,2.06,275,190,150,1,
31,141,550888,9.1,350,270,170,2,
31,141,550888,9.1,350,270,170,2,
31,370,534736,8.6,361,215,265,1,
31,370,538785,8.6,512,329,412,1,slategray
31,370,551477,12.5,430,271,237,1,
31,370,552280,8.9,361,271,205,2,
31,370,552280,8.9,361,271,205,2,
31,370,554070,6.56,320,170,205,1,
31,370,554071,6.5,325,175,210,1,
31,370,554962,2.7,460,265,368,1,mediumpurple
31,370,554964,2.8,480,260,395,1,
31,370,555236,5.2,268,208,220,2,
31,370,555236,5.2,268,208,220,2,
31,370,555237,5.2,268,208,220,2,
31,370,555237,5.2,268,208,220,2,
31,370,558802,7.36,385,315,130,2,
31,370,558802,7.36,385,315,130,2,
31,370,558812,7.38,385,316,132,1,mediumspringgreen
31,370,559206,5.8,362,209,172,1,
31,370,601734,14.2,423,269,275,1,
31,370,601869,8.7,356,217,291,2,
31,370,601869,8.7,356,217,291,2,
31,370,602244,5.1,540,355,380,1,
31,370,603493,8.7,414,240,221,1,
31,370,604417,8.8,405,235,220,1,
31,371,545650,13.2,440,230,305,1,
31,371,547119,4.6,455,310,404,3,
31,371,547119,4.6,455,310,404,3,
31,371,547119,4.6,455,310,404,3,
31,371,548336,2.06,275,190,150,1,
31,371,548385,6.46,425,250,200,1,
31,371,550888,9.1,350,270,170,4,
31,371,550888,9.1,350,270,170,4,
31,371,550888,9.1,350,270,170,4,
31,371,550888,9.1,350,270,170,4,
31,371,558862,4.6,545,265,360,1,
31,371,913990,2.1,525,266,157,1,
31,9593,549710,5.4,600,400,310,1,
31,9593,554825,4.42,557,400,209,11,
31,9593,554825,4.42,557,400,209,11,
31,9593,554825,4.42,557,400,209,11,
31,9593,554825,4.42,557,400,209,11,
31,9593,554825,4.42,557,400,209,11,
31,9593,554825,4.42,557,400,209,11,
31,9593,554825,4.42,557,400,209,11,
31,9593,554825,4.42,557,400,209,11,
31,9593,554825,4.42,557,400,209,11,
31,9593,554825,4.42,557,400,209,11,
31,9593,554825,4.42,557,400,209,11,
33,478,380187,8.32,450,250,150,1,seagreen
33,478,556331,8.1,370,230,245,3,plum
33,478,556331,8.1,370,230,245,3,plum
33,478,556331,8.1,370,230,245,3,plum
33,478,602350,10,355,345,200,1,
34,218,554289,7.2,320,180,210,1,
34,218,554809,7.16,320,180,210,1,
34,218,559257,4.1,365,320,405,20,
34,218,559257,4.1,365,320,405,20,
34,218,559257,4.1,365,320,405,20,
34,218,559257,4.1,365,320,405,20,
34,218,559257,4.1,365,320,405,20,
34,218,559257,4.1,365,320,405,20,
34,218,559257,4.1,365,320,405,20,
34,218,559257,4.1,365,320,405,20,
34,218,559257,4.1,365,320,405,20,
34,218,559257,4.1,365,320,405,20,
34,218,559257,4.1,365,320,405,20,
34,218,559257,4.1,365,320,405,20,
34,218,559257,4.1,365,320,405,20,
34,218,559257,4.1,365,320,405,20,
34,218,559257,4.1,365,320,405,20,
34,218,559257,4.1,365,320,405,20,
34,218,559257,4.1,365,320,405,20,
34,218,559257,4.1,365,320,405,20,
34,218,559257,4.1,365,320,405,20,
34,218,559257,4.1,365,320,405,20,
35,275,534734,8.6,350,215,265,1,royalblue
35,275,549130,16.8,520,240,240,1,
35,275,549133,5.5,359,214,173,1,
35,275,551043,4.38,350,215,285,1,
35,275,551477,12.5,430,271,237,1,
35,275,553253,2.14,540,340,235,1,floralwhite
35,275,554658,11.5,420,215,260,2,
35,275,554658,11.5,420,215,260,2,
35,275,558802,7.36,385,315,130,2,
35,275,558802,7.36,385,315,130,2,
35,275,558812,7.38,385,316,132,3,mediumspringgreen
35,275,558812,7.38,385,316,132,3,mediumspringgreen
35,275,558812,7.38,385,316,132,3,mediumspringgreen
35,275,558862,4.6,545,265,360,1,
35,275,558868,5.1,525,280,405,1,
35,275,558947,10.1,363,212,215,1,
35,275,558949,10.1,360,215,215,1,
35,275,559206,5.8,362,209,172,1,
35,275,559208,6.9,350,170,255,1,
35,275,601710,7.7,428,298,239,1,
35,275,601869,8.7,356,217,291,3,
35,275,601869,8.7,356,217,291,3,
35,275,601869,8.7,356,217,291,3,
35,275,602243,4.5,530,332,360,1,
35,275,603491,8.7,395,235,215,1,
35,275,603492,8.7,414,240,221,2,
35,275,603492,8.7,414,240,221,2,
35,275,603493,8.7,414,240,221,1,
35,275,699437,3.6,310,210,281,1,
35,275,699730,8.9,410,235,220,2,
35,275,699730,8.9,410,235,220,2,
35,275,699971,3.1,424,314,380,1,
35,275,699981,3.8,304,254,209,1,
35,275,916236,9.4,414,240,221,1,
35,275,919506,5.9,428,236,235,1,
35,275,940426,5.8,350,210,210,1,
35,275,941244,7.8,361,215,264,1,
36,122,601869,8.7,356,217,291,7,
36,122,601869,8.7,356,217,291,7,
36,122,601869,8.7,356,217,291,7,
36,122,601869,8.7,356,217,291,7,
36,122,601869,8.7,356,217,291,7,
36,122,601869,8.7,356,217,291,7,
36,122,601869,8.7,356,217,291,7,
36,122,602244,5.1,540,355,380,1,
36,122,602789,4.8,453,363,383,2,
36,122,602789,4.8,453,363,383,2,
36,122,603492,8.7,414,240,221,1,
36,122,603493,8.7,414,240,221,1,
36,122,604417,8.8,405,235,220,1,
36,122,699730,8.9,410,235,220,1,
36,122,916236,9.4,414,240,221,1,
36,122,940220,7.1,427,205,236,1,
36,122,941371,11.7,350,195,255,1,
37,151,601826,2.24,525,265,159,5,
37,151,601826,2.24,525,265,159,5,
37,151,601826,2.24,525,265,159,5,
37,151,601826,2.24,525,265,159,5,
37,151,601826,2.24,525,265,159,5,
37,151,601827,2.1,525,265,155,2,
37,151,601827,2.1,525,265,155,2,
37,151,601831,2.1,520,265,155,3,
37,151,601831,2.1,520,265,155,3,
37,151,601831,2.1,520,265,155,3,
37,151,601832,2.1,525,266,157,1,
37,151,601833,2.1,525,266,157,3,
37,151,601833,2.1,525,266,157,3,
37,151,601833,2.1,525,266,157,3,
37,151,602112,3.9,306,266,296,3,
37,151,602112,3.9,306,266,296,3,
37,151,602112,3.9,306,266,296,3,
37,151,602660,2.3,520,265,150,1,
37,151,602792,3.9,380,315,380,2,
37,151,602792,3.9,380,315,380,2,
39,423,531158,5.4,284,191,228,3,
39,423,531158,5.4,284,191,228,3,
39,423,531158,5.4,284,191,228,3,
39,423,536858,5.3,310,205,195,1,
39,423,538213,6.8,320,260,140,3,
39,423,538213,6.8,320,260,140,3,
39,423,538213,6.8,320,260,140,3,
39,423,538265,5.6,333,192,204,1,
39,423,538553,2.1,274,190,149,2,
39,423,538553,2.1,274,190,149,2,
39,423,544653,1.6,344,246,150,2,
39,423,544653,1.6,344,246,150,2,
39,423,545966,4.92,370,345,190,3,
39,423,545966,4.92,370,345,190,3,
39,423,545966,4.92,370,345,190,3,
39,423,552112,6.2,400,270,150,3,
39,423,552112,6.2,400,270,150,3,
39,423,552112,6.2,400,270,150,3,
39,423,554141,1.96,340,185,250,3,
39,423,554141,1.96,340,185,250,3,
39,423,554141,1.96,340,185,250,3,
39,423,554213,4,270,225,140,2,
39,423,554213,4,270,225,140,2,
39,423,554847,1.84,330,200,245,2,
39,423,554847,1.84,330,200,245,2,
39,423,555523,4.4,370,340,190,2,
39,423,555523,4.4,370,340,190,2,
39,423,557091,11.9,435,270,290,1,
39,423,557176,1.8,299,194,219,1,
39,423,557516,1.9,237,149,204,2,
39,423,557516,1.9,237,149,204,2,
39,423,558600,3.6,304,231,134,2,
39,423,558600,3.6,304,231,134,2,
39,423,558855,9.9,350,230,260,3,
39,423,558855,9.9,350,230,260,3,
39,423,558855,9.9,350,230,260,3,
39,423,559147,7.8,355,215,265,1,
39,423,559316,8.1,290,220,280,1,
39,423,602113,2.5,465,265,150,1,
39,423,603611,7.2,269,251,199,3,
39,423,603611,7.2,269,251,199,3,
39,423,603611,7.2,269,251,199,3,
39,423,699311,0.8,243,150,147,3,
39,423,699311,0.8,243,150,147,3,
39,423,699311,0.8,243,150,147,3,
39,423,699313,0.8,240,150,145,3,
39,423,699313,0.8,240,150,145,3,
39,423,699313,0.8,240,150,145,3,
39,423,699378,1,264,161,140,1,
39,423,699491,5.94,350,200,185,4,
39,423,699491,5.94,350,200,185,4,
39,423,699491,5.94,350,200,185,4,
39,423,699491,5.94,350,200,185,4,
39,423,913863,4.1,372,222,180,3,
39,423,913863,4.1,372,222,180,3,
39,423,913863,4.1,372,222,180,3,
39,423,913971,6.8,357,273,167,2,
39,423,913971,6.8,357,273,167,2,
39,423,939985,1.8,291,166,197,1,
40,227,534736,8.6,361,215,265,1,
40,227,554658,11.5,420,215,260,2,
40,227,554658,11.5,420,215,260,2,
40,227,558759,10.2,355,215,310,1,
40,227,558802,7.36,385,315,130,6,
40,227,558802,7.36,385,315,130,6,
40,227,558802,7.36,385,315,130,6,
40,227,558802,7.36,385,315,130,6,
40,227,558802,7.36,385,315,130,6,
40,227,558802,7.36,385,315,130,6,
40,227,558821,4.7,410,330,380,1,
40,227,559111,7.9,355,220,310,2,
40,227,559111,7.9,355,220,310,2,
40,227,601451,7.8,355,215,305,1,
40,227,601458,7.9,355,215,305,1,
40,227,603493,8.7,414,240,221,1,
40,257,534734,8.6,350,215,265,2,royalblue
40,257,534734,8.6,350,215,265,2,royalblue
40,257,549141,19.5,440,303,313,1,
40,257,555576,8.3,360,214,307,2,
40,257,555576,8.3,360,214,307,2,
40,257,559785,16,460,223,307,1,
42,262,550678,8.9,350,270,205,1,chartreuse
42,262,551043,4.38,350,215,285,1,
42,262,553253,2.14,540,340,235,1,floralwhite
48,236,602844,9.5,333,230,274,4,
48,236,602844,9.5,333,230,274,4,
48,236,602844,9.5,333,230,274,4,
48,236,602844,9.5,333,230,274,4,
48,236,603342,6.2,366,217,226,3,
48,236,603342,6.2,366,217,226,3,
48,236,603342,6.2,366,217,226,3,
48,236,603490,8.7,400,235,220,1,
48,236,603491,8.7,395,235,215,1,
48,236,603492,8.7,414,240,221,1,
48,236,603493,8.7,414,240,221,5,
48,236,603493,8.7,414,240,221,5,
48,236,603493,8.7,414,240,221,5,
48,236,603493,8.7,414,240,221,5,
48,236,603493,8.7,414,240,221,5,
48,236,604417,8.8,405,235,220,1,
48,236,604420,5.7,362,217,215,1,
48,236,611012,7.84,355,214,262,1,
48,236,699260,8.8,400,240,215,1,
48,236,699474,5.5,345,210,175,1,
48,236,916030,10.6,362,253,253,1,
48,236,916031,10.6,362,253,253,1,
48,236,916234,15.9,420,270,270,1,
48,236,916236,9.4,414,240,221,1,
48,236,940426,5.8,350,210,210,3,
48,236,940426,5.8,350,210,210,3,
48,236,940426,5.8,350,210,210,3,
48,236,941291,7.3,355,215,265,1,
48,236,942928,3.7,378,188,185,1,
48,9189,554823,4.63,559,400,208,1,
48,9189,554824,5.88,550,400,380,1,
48,9189,554825,4.42,557,400,209,2,
48,9189,554825,4.42,557,400,209,2,
48,9189,554826,5.88,550,400,380,1,
48,9189,699522,4.29,540,400,285,1,
49,291,601867,10.8,377,338,239,28,
49,291,601867,10.8,377,338,239,28,
49,291,601867,10.8,377,338,239,28,
49,291,601867,10.8,377,338,239,28,
49,291,601867,10.8,377,338,239,28,
49,291,601867,10.8,377,338,239,28,
49,291,601867,10.8,377,338,239,28,
49,291,601867,10.8,377,338,239,28,
49,291,601867,10.8,377,338,239,28,
49,291,601867,10.8,377,338,239,28,
49,291,601867,10.8,377,338,239,28,
49,291,601867,10.8,377,338,239,28,
49,291,601867,10.8,377,338,239,28,
49,291,601867,10.8,377,338,239,28,
49,291,601867,10.8,377,338,239,28,
49,291,601867,10.8,377,338,239,28,
49,291,601867,10.8,377,338,239,28,
49,291,601867,10.8,377,338,239,28,
49,291,601867,10.8,377,338,239,28,
49,291,601867,10.8,377,338,239,28,
49,291,601867,10.8,377,338,239,28,
49,291,601867,10.8,377,338,239,28,
49,291,601867,10.8,377,338,239,28,
49,291,601867,10.8,377,338,239,28,
49,291,601867,10.8,377,338,239,28,
49,291,601867,10.8,377,338,239,28,
49,291,601867,10.8,377,338,239,28,
49,291,601867,10.8,377,338,239,28,
49,291,603493,8.7,414,240,221,3,
49,291,603493,8.7,414,240,221,3,
49,291,603493,8.7,414,240,221,3,
49,306,548385,6.46,425,250,200,1,
49,306,549143,20,440,310,315,1,
49,306,551043,4.38,350,215,285,2,
49,306,551043,4.38,350,215,285,2,
49,306,554658,11.5,420,215,260,1,
49,306,555708,14.6,415,270,270,1,
49,306,557904,7.2,320,180,210,1,
49,306,558802,7.36,385,315,130,1,
49,306,579347,16.4,340,330,340,2,
49,306,579347,16.4,340,330,340,2,
49,306,601458,7.9,355,215,305,1,
49,306,601867,10.8,377,338,239,7,
49,306,601867,10.8,377,338,239,7,
49,306,601867,10.8,377,338,239,7,
49,306,601867,10.8,377,338,239,7,
49,306,601867,10.8,377,338,239,7,
49,306,601867,10.8,377,338,239,7,
49,306,601867,10.8,377,338,239,7,
49,306,603492,8.7,414,240,221,1,
49,306,603493,8.7,414,240,221,1,
49,306,699546,11.6,385,265,220,1,
49,306,915806,12.9,480,285,175,1,
49,306,941236,11.5,385,270,215,1,
51,349,537400,2.5,259,195,101,1,
51,349,558649,2.2,384,328,214,7,
51,349,558649,2.2,384,328,214,7,
51,349,558649,2.2,384,328,214,7,
51,349,558649,2.2,384,328,214,7,
51,349,558649,2.2,384,328,214,7,
51,349,558649,2.2,384,328,214,7,
51,349,558649,2.2,384,328,214,7,
51,349,559645,6.02,255,245,170,2,
51,349,559645,6.02,255,245,170,2,
51,349,589540,2.9,271,194,104,2,
51,349,589540,2.9,271,194,104,2,
51,349,940426,5.8,350,210,210,5,
51,349,940426,5.8,350,210,210,5,
51,349,940426,5.8,350,210,210,5,
51,349,940426,5.8,350,210,210,5,
51,349,940426,5.8,350,210,210,5,
52,385,547396,11.85,370,355,265,1,red
52,385,548464,5.2,315,200,205,1,
52,385,550483,5.9,250,220,205,2,
52,385,550483,5.9,250,220,205,2,
52,385,552677,16.7,520,245,240,1,
52,385,554657,13.35,430,210,310,1,
52,385,557626,2.1,475,300,360,1,
52,385,558937,14,420,210,300,1,
52,385,559205,14,425,215,305,4,
52,385,559205,14,425,215,305,4,
52,385,559205,14,425,215,305,4,
52,385,559205,14,425,215,305,4,
52,385,559939,8.9,361,271,205,1,
52,385,559940,8.9,361,271,205,2,
52,385,559940,8.9,361,271,205,2,
52,385,559941,8.9,361,271,205,1,
52,385,601834,2.1,520,265,155,1,
52,385,602866,5.3,300,200,200,1,
52,385,915636,4.7,531,241,297,4,
52,385,915636,4.7,531,241,297,4,
52,385,915636,4.7,531,241,297,4,
52,385,915636,4.7,531,241,297,4,
52,407,552678,5.7,362,217,215,2,
52,407,552678,5.7,362,217,215,2,
52,407,554289,7.2,320,180,210,6,
52,407,554289,7.2,320,180,210,6,
52,407,554289,7.2,320,180,210,6,
52,407,554289,7.2,320,180,210,6,
52,407,554289,7.2,320,180,210,6,
52,407,554289,7.2,320,180,210,6,
52,407,558229,7.1,360,335,145,2,
52,407,558229,7.1,360,335,145,2,
52,407,558728,8.3,383,313,133,1,
52,407,559564,6.18,355,210,225,2,
52,407,559564,6.18,355,210,225,2,
52,407,601452,7.8,355,210,260,4,
52,407,601452,7.8,355,210,260,4,
52,407,601452,7.8,355,210,260,4,
52,407,601452,7.8,355,210,260,4,
52,407,611012,7.84,355,214,262,4,
52,407,611012,7.84,355,214,262,4,
52,407,611012,7.84,355,214,262,4,
52,407,611012,7.84,355,214,262,4,
52,407,940426,5.8,350,210,210,3,
52,407,940426,5.8,350,210,210,3,
52,407,940426,5.8,350,210,210,3,
53,454,551043,4.38,350,215,285,5,
53,454,551043,4.38,350,215,285,5,
53,454,551043,4.38,350,215,285,5,
53,454,551043,4.38,350,215,285,5,
53,454,551043,4.38,350,215,285,5,
53,454,552678,5.7,362,217,215,2,
53,454,552678,5.7,362,217,215,2,
53,454,554289,7.2,320,180,210,13,
53,454,554289,7.2,320,180,210,13,
53,454,554289,7.2,320,180,210,13,
53,454,554289,7.2,320,180,210,13,
53,454,554289,7.2,320,180,210,13,
53,454,554289,7.2,320,180,210,13,
53,454,554289,7.2,320,180,210,13,
53,454,554289,7.2,320,180,210,13,
53,454,554289,7.2,320,180,210,13,
53,454,554289,7.2,320,180,210,13,
53,454,554289,7.2,320,180,210,13,
53,454,554289,7.2,320,180,210,13,
53,454,554289,7.2,320,180,210,13,
53,454,555707,9.46,406,237,221,1,
53,454,558228,6.4,360,335,145,2,
53,454,558228,6.4,360,335,145,2,
53,454,558229,7.1,360,335,145,2,
53,454,558229,7.1,360,335,145,2,
53,454,558641,6.4,530,340,390,1,
53,454,558728,8.3,383,313,133,1,
53,454,559564,6.18,355,210,225,2,
53,454,559564,6.18,355,210,225,2,
53,454,601452,7.8,355,210,260,2,
53,454,601452,7.8,355,210,260,2,
53,454,601868,12.5,425,270,237,1,
53,454,611012,7.84,355,214,262,1,
53,454,699260,8.8,400,240,215,1,
53,454,919402,4.5,328,185,229,2,
53,454,919402,4.5,328,185,229,2,
53,454,940426,5.8,350,210,210,5,
53,454,940426,5.8,350,210,210,5,
53,454,940426,5.8,350,210,210,5,
53,454,940426,5.8,350,210,210,5,
53,454,940426,5.8,350,210,210,5,
59,148,554963,4,495,270,450,1,
59,148,554964,2.8,480,260,395,6,
59,148,554964,2.8,480,260,395,6,
59,148,554964,2.8,480,260,395,6,
59,148,554964,2.8,480,260,395,6,
59,148,554964,2.8,480,260,395,6,
59,148,554964,2.8,480,260,395,6,
59,148,554965,3.6,476,318,400,3,darkturquoise
59,148,554965,3.6,476,318,400,3,darkturquoise
59,148,554965,3.6,476,318,400,3,darkturquoise
59,148,555549,8.1,420,255,235,2,
59,148,555549,8.1,420,255,235,2,
59,148,555923,4.7,315,225,200,4,
59,148,555923,4.7,315,225,200,4,
59,148,555923,4.7,315,225,200,4,
59,148,555923,4.7,315,225,200,4,
59,148,557460,5.4,495,299,201,1,
59,148,557479,5.4,495,299,199,1,
59,148,557858,2.8,448,313,186,1,
59,148,557864,3,408,248,364,1,
59,148,557866,4.74,478,270,400,1,
59,148,558046,5.5,330,250,180,2,
59,148,558046,5.5,330,250,180,2,
59,148,558411,6.6,320,170,210,1,
59,148,558927,3.82,415,290,390,1,
59,148,558929,3.56,420,270,410,1,
59,148,558930,3.4,445,225,380,1,
59,148,559267,8.2,355,210,235,2,
59,148,559267,8.2,355,210,235,2,
59,148,602243,4.5,530,332,360,6,
59,148,602243,4.5,530,332,360,6,
59,148,602243,4.5,530,332,360,6,
59,148,602243,4.5,530,332,360,6,
59,148,602243,4.5,530,332,360,6,
59,148,602243,4.5,530,332,360,6,
60,182,558802,7.36,385,315,130,35,
60,182,558802,7.36,385,315,130,35,
60,182,558802,7.36,385,315,130,35,
60,182,558802,7.36,385,315,130,35,
60,182,558802,7.36,385,315,130,35,
60,182,558802,7.36,385,315,130,35,
60,182,558802,7.36,385,315,130,35,
60,182,558802,7.36,385,315,130,35,
60,182,558802,7.36,385,315,130,35,
60,182,558802,7.36,385,315,130,35,
60,182,558802,7.36,385,315,130,35,
60,182,558802,7.36,385,315,130,35,
60,182,558802,7.36,385,315,130,35,
60,182,558802,7.36,385,315,130,35,
60,182,558802,7.36,385,315,130,35,
60,182,558802,7.36,385,315,130,35,
60,182,558802,7.36,385,315,130,35,
60,182,558802,7.36,385,315,130,35,
60,182,558802,7.36,385,315,130,35,
60,182,558802,7.36,385,315,130,35,
60,182,558802,7.36,385,315,130,35,
60,182,558802,7.36,385,315,130,35,
60,182,558802,7.36,385,315,130,35,
60,182,558802,7.36,385,315,130,35,
60,182,558802,7.36,385,315,130,35,
60,182,558802,7.36,385,315,130,35,
60,182,558802,7.36,385,315,130,35,
60,182,558802,7.36,385,315,130,35,
60,182,558802,7.36,385,315,130,35,
60,182,558802,7.36,385,315,130,35,
60,182,558802,7.36,385,315,130,35,
60,182,558802,7.36,385,315,130,35,
60,182,558802,7.36,385,315,130,35,
60,182,558802,7.36,385,315,130,35,
60,182,558802,7.36,385,315,130,35,
60,182,601869,8.7,356,217,291,30,
60,182,601869,8.7,356,217,291,30,
60,182,601869,8.7,356,217,291,30,
60,182,601869,8.7,356,217,291,30,
60,182,601869,8.7,356,217,291,30,
60,182,601869,8.7,356,217,291,30,
60,182,601869,8.7,356,217,291,30,
60,182,601869,8.7,356,217,291,30,
60,182,601869,8.7,356,217,291,30,
60,182,601869,8.7,356,217,291,30,
60,182,601869,8.7,356,217,291,30,
60,182,601869,8.7,356,217,291,30,
60,182,601869,8.7,356,217,291,30,
60,182,601869,8.7,356,217,291,30,
60,182,601869,8.7,356,217,291,30,
60,182,601869,8.7,356,217,291,30,
60,182,601869,8.7,356,217,291,30,
60,182,601869,8.7,356,217,291,30,
60,182,601869,8.7,356,217,291,30,
60,182,601869,8.7,356,217,291,30,
60,182,601869,8.7,356,217,291,30,
60,182,601869,8.7,356,217,291,30,
60,182,601869,8.7,356,217,291,30,
60,182,601869,8.7,356,217,291,30,
60,182,601869,8.7,356,217,291,30,
60,182,601869,8.7,356,217,291,30,
60,182,601869,8.7,356,217,291,30,
60,182,601869,8.7,356,217,291,30,
60,182,601869,8.7,356,217,291,30,
60,182,601869,8.7,356,217,291,30,
60,182,603493,8.7,414,240,221,4,
60,182,603493,8.7,414,240,221,4,
60,182,603493,8.7,414,240,221,4,
60,182,603493,8.7,414,240,221,4,
60,189,381708,7.66,325,220,200,1,
60,189,550919,8.6,405,200,160,3,
60,189,550919,8.6,405,200,160,3,
60,189,550919,8.6,405,200,160,3,
60,189,553278,7.22,300,255,250,1,
60,189,558228,6.4,360,335,145,1,
60,189,558229,7.1,360,335,145,2,
60,189,558229,7.1,360,335,145,2,
60,189,558868,5.1,525,280,405,1,
60,189,559096,7.3,361,215,264,1,
60,189,579347,16.4,340,330,340,1,
60,189,601452,7.8,355,210,260,1,
60,189,601748,12.2,390,255,230,1,
60,189,601868,12.5,425,270,237,1,
60,189,601908,9.52,385,310,220,1,
60,189,603493,8.7,414,240,221,21,
60,189,603493,8.7,414,240,221,21,
60,189,603493,8.7,414,240,221,21,
60,189,603493,8.7,414,240,221,21,
60,189,603493,8.7,414,240,221,21,
60,189,603493,8.7,414,240,221,21,
60,189,603493,8.7,414,240,221,21,
60,189,603493,8.7,414,240,221,21,
60,189,603493,8.7,414,240,221,21,
60,189,603493,8.7,414,240,221,21,
60,189,603493,8.7,414,240,221,21,
60,189,603493,8.7,414,240,221,21,
60,189,603493,8.7,414,240,221,21,
60,189,603493,8.7,414,240,221,21,
60,189,603493,8.7,414,240,221,21,
60,189,603493,8.7,414,240,221,21,
60,189,603493,8.7,414,240,221,21,
60,189,603493,8.7,414,240,221,21,
60,189,603493,8.7,414,240,221,21,
60,189,603493,8.7,414,240,221,21,
60,189,603493,8.7,414,240,221,21,
60,189,603637,4.26,375,190,180,1,
60,189,699970,3.3,458,314,384,1,
60,189,916234,15.9,420,270,270,1,
60,189,919445,10.2,354,236,259,1,
60,189,940106,2.5,425,240,245,1,
60,189,943868,8.3,361,214,237,1,
60,189,977715,8.5,410,199,163,1,
62,235,551477,12.5,430,271,237,1,
62,235,553253,2.14,540,340,235,1,floralwhite
62,235,554658,11.5,420,215,260,3,
62,235,554658,11.5,420,215,260,3,
62,235,554658,11.5,420,215,260,3,
62,235,557904,7.2,320,180,210,1,
62,235,558229,7.1,360,335,145,1,
62,235,558802,7.36,385,315,130,2,
62,235,558802,7.36,385,315,130,2,
62,235,559100,7.6,356,217,311,1,
62,235,601450,7.8,360,215,305,2,
62,235,601450,7.8,360,215,305,2,
62,235,601458,7.9,355,215,305,1,
62,235,603493,8.7,414,240,221,2,
62,235,603493,8.7,414,240,221,2,
62,235,941259,7.8,356,217,311,1,
63,261,551043,4.38,350,215,285,6,
63,261,551043,4.38,350,215,285,6,
63,261,551043,4.38,350,215,285,6,
63,261,551043,4.38,350,215,285,6,
63,261,551043,4.38,350,215,285,6,
63,261,551043,4.38,350,215,285,6,
63,261,557621,1.5,480,180,271,1,
63,261,557623,1.7,435,340,235,1,
63,261,557626,2.1,475,300,360,1,
63,261,557667,5.76,360,215,215,1,
63,261,558228,6.4,360,335,145,1,
63,261,559208,6.9,350,170,255,2,
63,261,559208,6.9,350,170,255,2,
63,261,559562,5.76,360,210,180,1,
63,261,601710,7.7,428,298,239,2,
63,261,601710,7.7,428,298,239,2,
63,261,699260,8.8,400,240,215,1,
63,284,549559,7.28,315,215,195,20,
63,284,549559,7.28,315,215,195,20,
63,284,549559,7.28,315,215,195,20,
63,284,549559,7.28,315,215,195,20,
63,284,549559,7.28,315,215,195,20,
63,284,549559,7.28,315,215,195,20,
63,284,549559,7.28,315,215,195,20,
63,284,549559,7.28,315,215,195,20,
63,284,549559,7.28,315,215,195,20,
63,284,549559,7.28,315,215,195,20,
63,284,549559,7.28,315,215,195,20,
63,284,549559,7.28,315,215,195,20,
63,284,549559,7.28,315,215,195,20,
63,284,549559,7.28,315,215,195,20,
63,284,549559,7.28,315,215,195,20,
63,284,549559,7.28,315,215,195,20,
63,284,549559,7.28,315,215,195,20,
63,284,549559,7.28,315,215,195,20,
63,284,549559,7.28,315,215,195,20,
63,284,549559,7.28,315,215,195,20,
63,284,549579,7.3,320,210,195,20,
63,284,549579,7.3,320,210,195,20,
63,284,549579,7.3,320,210,195,20,
63,284,549579,7.3,320,210,195,20,
63,284,549579,7.3,320,210,195,20,
63,284,549579,7.3,320,210,195,20,
63,284,549579,7.3,320,210,195,20,
63,284,549579,7.3,320,210,195,20,
63,284,549579,7.3,320,210,195,20,
63,284,549579,7.3,320,210,195,20,
63,284,549579,7.3,320,210,195,20,
63,284,549579,7.3,320,210,195,20,
63,284,549579,7.3,320,210,195,20,
63,284,549579,7.3,320,210,195,20,
63,284,549579,7.3,320,210,195,20,
63,284,549579,7.3,320,210,195,20,
63,284,549579,7.3,320,210,195,20,
63,284,549579,7.3,320,210,195,20,
63,284,549579,7.3,320,210,195,20,
63,284,549579,7.3,320,210,195,20,
63,284,551477,12.5,430,271,237,4,
63,284,551477,12.5,430,271,237,4,
63,284,551477,12.5,430,271,237,4,
63,284,551477,12.5,430,271,237,4,
63,284,601826,2.24,525,265,159,2,
63,284,601826,2.24,525,265,159,2,
63,284,602873,4.6,320,220,200,1,
63,284,603610,6.2,269,251,199,3,
63,284,603610,6.2,269,251,199,3,
63,284,603610,6.2,269,251,199,3,
65,206,558769,11.7,430,271,237,1,mediumvioletred
65,206,558802,7.36,385,315,130,6,
65,206,558802,7.36,385,315,130,6,
65,206,558802,7.36,385,315,130,6,
65,206,558802,7.36,385,315,130,6,
65,206,558802,7.36,385,315,130,6,
65,206,558802,7.36,385,315,130,6,
65,206,558820,4.5,430,325,396,1,
65,206,559096,7.3,361,215,264,1,
65,206,559200,14.5,395,315,260,1,
65,206,559205,14,425,215,305,1,
65,206,559206,5.8,362,209,172,2,
65,206,559206,5.8,362,209,172,2,
65,206,601449,7.8,361,215,264,1,
65,206,601452,7.8,355,210,260,1,
65,206,601458,7.9,355,215,305,2,
65,206,601458,7.9,355,215,305,2,
65,206,601486,4.6,300,230,210,1,
65,206,601712,7.8,400,300,230,1,
65,206,601750,7.5,398,252,264,1,
65,206,602243,4.5,530,332,360,2,
65,206,602243,4.5,530,332,360,2,
65,206,602244,5.1,540,355,380,1,
65,206,603342,6.2,366,217,226,1,
65,206,603493,8.7,414,240,221,3,
65,206,603493,8.7,414,240,221,3,
65,206,603493,8.7,414,240,221,3,
65,206,604420,5.7,362,217,215,1,
65,206,619070,5.2,263,204,208,1,
65,206,699438,3.54,315,210,285,1,
65,206,699970,3.3,458,314,384,2,
65,206,699970,3.3,458,314,384,2,
65,229,381708,7.66,325,220,200,1,
65,229,533334,5.7,328,298,304,2,
65,229,533334,5.7,328,298,304,2,
65,229,548391,7.5,290,190,220,1,
65,229,549133,5.5,359,214,173,4,
65,229,549133,5.5,359,214,173,4,
65,229,549133,5.5,359,214,173,4,
65,229,549133,5.5,359,214,173,4,
65,229,550710,7.32,355,270,170,1,deepskyblue
65,229,550888,9.1,350,270,170,1,
65,229,550918,8.5,410,199,163,1,
65,229,550919,8.6,405,200,160,1,
65,229,551043,4.38,350,215,285,2,
65,229,551043,4.38,350,215,285,2,
65,229,551493,5.8,359,214,215,2,
65,229,551493,5.8,359,214,215,2,
65,229,553089,9.3,520,365,400,1,
65,229,553279,6.9,300,255,210,1,
65,229,554071,6.5,325,175,210,1,
65,229,554216,6.54,316,170,211,1,
65,229,554658,11.5,420,215,260,12,
65,229,554658,11.5,420,215,260,12,
65,229,554658,11.5,420,215,260,12,
65,229,554658,11.5,420,215,260,12,
65,229,554658,11.5,420,215,260,12,
65,229,554658,11.5,420,215,260,12,
65,229,554658,11.5,420,215,260,12,
65,229,554658,11.5,420,215,260,12,
65,229,554658,11.5,420,215,260,12,
65,229,554658,11.5,420,215,260,12,
65,229,554658,11.5,420,215,260,12,
65,229,554658,11.5,420,215,260,12,
65,229,554962,2.7,460,265,368,1,mediumpurple
65,229,557622,2.3,340,215,290,1,
65,229,558229,7.1,360,335,145,1,
65,229,558632,1.6,310,255,255,1,
65,229,558802,7.36,385,315,130,9,
65,229,558802,7.36,385,315,130,9,
65,229,558802,7.36,385,315,130,9,
65,229,558802,7.36,385,315,130,9,
65,229,558802,7.36,385,315,130,9,
65,229,558802,7.36,385,315,130,9,
65,229,558802,7.36,385,315,130,9,
65,229,558802,7.36,385,315,130,9,
65,229,558802,7.36,385,315,130,9,
65,9409,549501,10.7,610,390,190,10,
65,9409,549501,10.7,610,390,190,10,
65,9409,549501,10.7,610,390,190,10,
65,9409,549501,10.7,610,390,190,10,
65,9409,549501,10.7,610,390,190,10,
65,9409,549501,10.7,610,390,190,10,
65,9409,549501,10.7,610,390,190,10,
65,9409,549501,10.7,610,390,190,10,
65,9409,549501,10.7,610,390,190,10,
65,9409,549501,10.7,610,390,190,10,
65,9409,557620,1.7,580,400,280,4,
65,9409,557620,1.7,580,400,280,4,
65,9409,557620,1.7,580,400,280,4,
65,9409,557620,1.7,580,400,280,4,
65,9700,554823,4.63,559,400,208,2,
65,9700,554823,4.63,559,400,208,2,
65,9700,557620,1.7,580,400,280,2,
65,9700,557620,1.7,580,400,280,2,
67,324,381708,7.66,325,220,200,5,
67,324,381708,7.66,325,220,200,5,
67,324,381708,7.66,325,220,200,5,
67,324,381708,7.66,325,220,200,5,
67,324,381708,7.66,325,220,200,5,
67,324,533337,3,436,272,155,2,
67,324,533337,3,436,272,155,2,
67,324,545499,4.4,354,212,284,5,
67,324,545499,4.4,354,212,284,5,
67,324,545499,4.4,354,212,284,5,
67,324,545499,4.4,354,212,284,5,
67,324,545499,4.4,354,212,284,5,
67,324,551477,12.5,430,271,237,2,
67,324,551477,12.5,430,271,237,2,
67,324,554657,13.35,430,210,310,3,
67,324,554657,13.35,430,210,310,3,
67,324,554657,13.35,430,210,310,3,
67,324,554658,11.5,420,215,260,3,
67,324,554658,11.5,420,215,260,3,
67,324,554658,11.5,420,215,260,3,
67,324,555707,9.46,406,237,221,1,
67,324,558229,7.1,360,335,145,2,
67,324,558229,7.1,360,335,145,2,
67,324,558728,8.3,383,313,133,4,
67,324,558728,8.3,383,313,133,4,
67,324,558728,8.3,383,313,133,4,
67,324,558728,8.3,383,313,133,4,
67,324,558934,14.4,390,315,245,1,
67,324,558937,14,420,210,300,5,
67,324,558937,14,420,210,300,5,
67,324,558937,14,420,210,300,5,
67,324,558937,14,420,210,300,5,
67,324,558937,14,420,210,300,5,
67,324,559200,14.5,395,315,260,3,
67,324,559200,14.5,395,315,260,3,
67,324,559200,14.5,395,315,260,3,
67,324,559740,14.4,430,290,250,2,
67,324,559740,14.4,430,290,250,2,
67,324,601734,14.2,423,269,275,1,
67,324,919445,10.2,354,236,259,1,
67,324,941369,11.7,350,195,255,1,
68,371,534734,8.6,350,215,265,3,royalblue
68,371,534734,8.6,350,215,265,3,royalblue
68,371,534734,8.6,350,215,265,3,royalblue
68,371,534736,8.6,361,215,265,5,
68,371,534736,8.6,361,215,265,5,
68,371,534736,8.6,361,215,265,5,
68,371,534736,8.6,361,215,265,5,
68,371,534736,8.6,361,215,265,5,
68,371,550919,8.6,405,200,160,2,
68,371,550919,8.6,405,200,160,2,
68,371,977715,8.5,410,199,163,2,
68,371,977715,8.5,410,199,163,2,
69,406,557860,5.5,425,325,350,1,
69,406,558229,7.1,360,335,145,1,
69,406,558728,8.3,383,313,133,2,
69,406,558728,8.3,383,313,133,2,
69,406,559206,5.8,362,209,172,2,
69,406,559206,5.8,362,209,172,2,
69,406,601883,1,206,181,148,1,
69,406,602670,1.3,257,186,141,1,
69,406,602671,1.3,257,186,141,1,
69,406,604439,6.5,320,175,210,1,
69,406,940108,2.5,345,240,285,1,
69,406,940109,2.8,395,222,310,1,
69,406,940113,2.7,395,222,310,1,
69,406,940114,2.58,320,225,340,1,
69,406,940269,1.5,320,208,302,1,
69,406,940272,2.8,448,313,186,1,
69,9794,699153,7.9,550,365,420,5,
69,9794,699153,7.9,550,365,420,5,
69,9794,699153,7.9,550,365,420,5,
69,9794,699153,7.9,550,365,420,5,
69,9794,699153,7.9,550,365,420,5,
69,9794,699154,8.3,500,335,500,2,
69,9794,699154,8.3,500,335,500,2,
69,9794,699175,12.5,525,335,455,2,
69,9794,699175,12.5,525,335,455,2,
69,9794,699179,6.1,485,305,470,1,
70,144,601735,11,360,252,269,4,
70,144,601735,11,360,252,269,4,
70,144,601735,11,360,252,269,4,
70,144,601735,11,360,252,269,4,
70,144,601735,11,360,252,269,4,
70,144,601735,11,360,252,269,4,
70,144,601735,11,360,252,269,4,
70,144,601735,11,360,252,269,4,
70,144,601826,2.24,525,265,159,14,
70,144,601826,2.24,525,265,159,14,
70,144,601826,2.24,525,265,159,14,
70,144,601826,2.24,525,265,159,14,
70,144,601826,2.24,525,265,159,14,
70,144,601826,2.24,525,265,159,14,
70,144,601826,2.24,525,265,159,14,
70,144,601826,2.24,525,265,159,14,
70,144,601826,2.24,525,265,159,14,
70,144,601826,2.24,525,265,159,14,
70,144,601826,2.24,525,265,159,14,
70,144,601826,2.24,525,265,159,14,
70,144,601826,2.24,525,265,159,14,
70,144,601826,2.24,525,265,159,14,
70,144,602231,5.4,318,266,211,2,
70,144,602231,5.4,318,266,211,2,
70,144,602231,5.4,318,266,211,2,
70,144,602231,5.4,318,266,211,2,
70,144,602575,8.98,430,180,210,1,
70,144,602575,8.98,430,180,210,1,
70,144,602844,9.5,333,230,274,2,
70,144,602844,9.5,333,230,274,2,
70,144,611014,3.6,335,235,205,1,
70,144,699971,3.1,424,314,380,2,
70,144,699971,3.1,424,314,380,2,
70,144,699971,3.1,424,314,380,2,
70,144,699971,3.1,424,314,380,2,
70,144,940736,8.4,359,190,230,1,
70,144,941260,14.2,430,271,274,5,
70,144,941260,14.2,430,271,274,5,
70,144,941260,14.2,430,271,274,5,
70,144,941260,14.2,430,271,274,5,
70,144,941260,14.2,430,271,274,5,
70,144,941260,14.2,430,271,274,4,
70,144,941260,14.2,430,271,274,4,
70,144,941260,14.2,430,271,274,4,
70,144,941260,14.2,430,271,274,4,
70,144,941260,14.2,430,271,274,1,
70,144,941260,14.2,430,271,274,3,
70,144,941260,14.2,430,271,274,3,
70,144,941260,14.2,430,271,274,3,
73,133,699260,8.8,400,240,215,4,
73,133,699260,8.8,400,240,215,4,
73,133,699260,8.8,400,240,215,4,
73,133,699260,8.8,400,240,215,4,
73,133,699474,5.5,345,210,175,2,
73,133,699474,5.5,345,210,175,2,
73,133,916236,9.4,414,240,221,1,
73,133,940219,7.1,427,205,236,2,
73,133,940219,7.1,427,205,236,2,
73,133,940220,7.1,427,205,236,2,
73,133,940220,7.1,427,205,236,2,
73,133,943360,5.5,355,210,165,1,
74,245,699548,8.6,415,340,315,2,
74,245,699548,8.6,415,340,315,2,
74,245,699548,8.6,415,340,315,4,
74,245,699548,8.6,415,340,315,4,
74,245,699548,8.6,415,340,315,4,
74,245,699548,8.6,415,340,315,4,
74,245,699548,8.6,415,340,315,11,
74,245,699548,8.6,415,340,315,11,
74,245,699548,8.6,415,340,315,11,
74,245,699548,8.6,415,340,315,11,
74,245,699548,8.6,415,340,315,11,
74,245,699548,8.6,415,340,315,11,
74,245,699548,8.6,415,340,315,11,
74,245,699548,8.6,415,340,315,11,
74,245,699548,8.6,415,340,315,11,
74,245,699548,8.6,415,340,315,11,
74,245,699548,8.6,415,340,315,11,
74,245,699548,8.6,415,340,315,3,
74,245,699548,8.6,415,340,315,3,
74,245,699548,8.6,415,340,315,3,
74,245,941260,14.2,430,271,274,4,
74,245,941260,14.2,430,271,274,4,
74,245,941260,14.2,430,271,274,4,
74,245,941260,14.2,430,271,274,4,
75,262,537423,6.66,370,325,135,1,
75,262,554658,11.5,420,215,260,1,
75,262,554658,11.5,420,215,260,4,
75,262,554658,11.5,420,215,260,4,
75,262,554658,11.5,420,215,260,4,
75,262,554658,11.5,420,215,260,4,
75,262,555706,5.42,410,210,220,1,
75,262,555706,5.42,410,210,220,1,
75,262,556326,14.4,460,345,260,1,blue
75,262,556326,14.4,460,345,260,2,blue
75,262,556326,14.4,460,345,260,2,blue
75,262,558238,2.8,296,164,200,2,
75,262,558238,2.8,296,164,200,2,
75,262,558632,1.6,310,255,255,1,
75,262,558632,1.6,310,255,255,1,
75,262,558765,11.6,555,245,265,1,
75,262,558853,7.6,306,233,200,2,
75,262,558853,7.6,306,233,200,2,
75,262,558853,7.6,306,233,200,2,
75,262,558853,7.6,306,233,200,2,
75,262,558853,7.6,306,233,200,1,
75,262,559213,8.1,395,245,205,1,
75,262,602231,5.4,318,266,211,1,
75,262,602231,5.4,318,266,211,1,
75,262,602351,6.7,360,345,200,16,
75,262,602351,6.7,360,345,200,16,
75,262,602351,6.7,360,345,200,16,
75,262,602351,6.7,360,345,200,16,
75,262,602351,6.7,360,345,200,16,
75,262,602351,6.7,360,345,200,16,
75,262,602351,6.7,360,345,200,16,
75,262,602351,6.7,360,345,200,16,
75,262,602351,6.7,360,345,200,16,
75,262,602351,6.7,360,345,200,16,
75,262,602351,6.7,360,345,200,16,
75,262,602351,6.7,360,345,200,16,
75,262,602351,6.7,360,345,200,16,
75,262,602351,6.7,360,345,200,16,
75,262,602351,6.7,360,345,200,16,
75,262,602351,6.7,360,345,200,16,
75,262,699971,3.1,424,314,380,1,
75,262,940392,8.1,361,291,226,3,
75,262,940392,8.1,361,291,226,3,
75,262,940392,8.1,361,291,226,3,
76,302,531026,4.8,345,260,210,2,
76,302,531026,4.8,345,260,210,2,
76,302,533943,2.8,267,219,168,3,
76,302,533943,2.8,267,219,168,3,
76,302,533943,2.8,267,219,168,3,
76,302,555407,3.8,306,138,221,3,
76,302,555407,3.8,306,138,221,3,
76,302,555407,3.8,306,138,221,3,
76,9245,549710,5.4,600,400,310,1,
76,9245,557620,1.7,580,400,280,2,
76,9245,557620,1.7,580,400,280,2,
77,211,534734,8.6,350,215,265,2,royalblue
77,211,534734,8.6,350,215,265,2,royalblue
77,211,554658,11.5,420,215,260,8,
77,211,554658,11.5,420,215,260,8,
77,211,554658,11.5,420,215,260,8,
77,211,554658,11.5,420,215,260,8,
77,211,554658,11.5,420,215,260,8,
77,211,554658,11.5,420,215,260,8,
77,211,554658,11.5,420,215,260,8,
77,211,554658,11.5,420,215,260,8,
77,211,555576,8.3,360,214,307,1,
77,211,555709,8.7,356,217,311,1,
77,211,558228,6.4,360,335,145,1,
77,211,558229,7.1,360,335,145,1,
77,211,558759,10.2,355,215,310,1,
77,211,558937,14,420,210,300,1,
77,211,559205,14,425,215,305,1,
77,211,559206,5.8,362,209,172,1,
77,211,559562,5.76,360,210,180,1,
77,211,559564,6.18,355,210,225,1,
77,211,601712,7.8,400,300,230,1,
77,211,601734,14.2,423,269,275,1,
77,211,699547,9.6,310,230,285,1,
77,211,699548,8.6,415,340,315,1,
77,211,940367,6.1,362,209,220,1,
77,211,941239,10.3,355,265,225,1,
77,354,534733,8.3,286,245,270,1,
77,354,534733,8.3,286,245,270,1,
77,354,550818,13.2,360,320,265,1,
77,354,554658,11.5,420,215,260,1,
77,354,558238,2.8,296,164,200,1,
77,354,558238,2.8,296,164,200,1,
77,354,558632,1.6,310,255,255,1,
77,354,558632,1.6,310,255,255,1,
77,354,558765,11.6,555,245,265,1,
77,354,558765,11.6,555,245,265,1,
77,354,558853,7.6,306,233,200,1,
77,354,559409,5.1,428,178,144,10,
77,354,559409,5.1,428,178,144,10,
77,354,559409,5.1,428,178,144,10,
77,354,559409,5.1,428,178,144,10,
77,354,559409,5.1,428,178,144,10,
77,354,559409,5.1,428,178,144,10,
77,354,559409,5.1,428,178,144,10,
77,354,559409,5.1,428,178,144,10,
77,354,559409,5.1,428,178,144,10,
77,354,559409,5.1,428,178,144,10,
77,354,601826,2.24,525,265,159,1,
77,354,602351,6.7,360,345,200,12,
77,354,602351,6.7,360,345,200,12,
77,354,602351,6.7,360,345,200,12,
77,354,602351,6.7,360,345,200,12,
77,354,602351,6.7,360,345,200,12,
77,354,602351,6.7,360,345,200,12,
77,354,602351,6.7,360,345,200,12,
77,354,602351,6.7,360,345,200,12,
77,354,602351,6.7,360,345,200,12,
77,354,602351,6.7,360,345,200,12,
77,354,602351,6.7,360,345,200,12,
77,354,602351,6.7,360,345,200,12,
77,354,603493,8.7,414,240,221,1,
77,354,699971,3.1,424,314,380,1,
77,354,940392,8.1,361,291,226,2,
77,354,940392,8.1,361,291,226,2,
79,151,549070,1.96,250,170,200,1,
79,151,549133,5.5,359,214,173,1,
79,151,551043,4.38,350,215,285,2,
79,151,551043,4.38,350,215,285,2,
79,151,551492,5.82,355,210,210,1,
79,151,601869,8.7,356,217,291,2,
79,151,601869,8.7,356,217,291,2,
79,151,603342,6.2,366,217,226,1,
79,151,603491,8.7,395,235,215,1,
79,151,699437,3.6,310,210,281,2,
79,151,699437,3.6,310,210,281,2,
79,151,699438,3.54,315,210,285,1,
79,151,940426,5.8,350,210,210,1,
79,158,603342,6.2,366,217,226,4,
79,158,603342,6.2,366,217,226,4,
79,158,603342,6.2,366,217,226,4,
79,158,603342,6.2,366,217,226,4,
79,158,940426,5.8,350,210,210,2,
79,158,940426,5.8,350,210,210,2,
79,328,557622,2.3,340,215,290,2,
79,328,557622,2.3,340,215,290,2,
79,328,559267,8.2,355,210,235,40,
79,328,559267,8.2,355,210,235,40,
79,328,559267,8.2,355,210,235,40,
79,328,559267,8.2,355,210,235,40,
79,328,559267,8.2,355,210,235,40,
79,328,559267,8.2,355,210,235,40,
79,328,559267,8.2,355,210,235,40,
79,328,559267,8.2,355,210,235,40,
79,328,559267,8.2,355,210,235,40,
79,328,559267,8.2,355,210,235,40,
79,328,559267,8.2,355,210,235,40,
79,328,559267,8.2,355,210,235,40,
79,328,559267,8.2,355,210,235,40,
79,328,559267,8.2,355,210,235,40,
79,328,559267,8.2,355,210,235,40,
79,328,559267,8.2,355,210,235,40,
79,328,559267,8.2,355,210,235,40,
79,328,559267,8.2,355,210,235,40,
79,328,559267,8.2,355,210,235,40,
79,328,559267,8.2,355,210,235,40,
79,328,559267,8.2,355,210,235,40,
79,328,559267,8.2,355,210,235,40,
79,328,559267,8.2,355,210,235,40,
79,328,559267,8.2,355,210,235,40,
79,328,559267,8.2,355,210,235,40,
79,328,559267,8.2,355,210,235,40,
79,328,559267,8.2,355,210,235,40,
79,328,559267,8.2,355,210,235,40,
79,328,559267,8.2,355,210,235,40,
79,328,559267,8.2,355,210,235,40,
79,328,559267,8.2,355,210,235,40,
79,328,559267,8.2,355,210,235,40,
79,328,559267,8.2,355,210,235,40,
79,328,559267,8.2,355,210,235,40,
79,328,559267,8.2,355,210,235,40,
79,328,559267,8.2,355,210,235,40,
79,328,559267,8.2,355,210,235,40,
79,328,559267,8.2,355,210,235,40,
79,328,559267,8.2,355,210,235,40,
79,328,559267,8.2,355,210,235,40,
79,328,559564,6.18,355,210,225,28,
79,328,559564,6.18,355,210,225,28,
79,328,559564,6.18,355,210,225,28,
79,328,559564,6.18,355,210,225,28,
79,328,559564,6.18,355,210,225,28,
79,328,559564,6.18,355,210,225,28,
79,328,559564,6.18,355,210,225,28,
79,328,559564,6.18,355,210,225,28,
79,328,559564,6.18,355,210,225,28,
79,328,559564,6.18,355,210,225,28,
79,328,559564,6.18,355,210,225,28,
79,328,559564,6.18,355,210,225,28,
79,328,559564,6.18,355,210,225,28,
79,328,559564,6.18,355,210,225,28,
79,328,559564,6.18,355,210,225,28,
79,328,559564,6.18,355,210,225,28,
79,328,559564,6.18,355,210,225,28,
79,328,559564,6.18,355,210,225,28,
79,328,559564,6.18,355,210,225,28,
79,328,559564,6.18,355,210,225,28,
79,328,559564,6.18,355,210,225,28,
79,328,559564,6.18,355,210,225,28,
79,328,559564,6.18,355,210,225,28,
79,328,559564,6.18,355,210,225,28,
79,328,559564,6.18,355,210,225,28,
79,328,559564,6.18,355,210,225,28,
79,328,559564,6.18,355,210,225,28,
79,328,559564,6.18,355,210,225,28,
80,384,555704,7.9,270,264,224,5,
80,384,555704,7.9,270,264,224,5,
80,384,555704,7.9,270,264,224,5,
80,384,555704,7.9,270,264,224,5,
80,384,555704,7.9,270,264,224,5,
80,384,555706,5.42,410,210,220,4,
80,384,555706,5.42,410,210,220,4,
80,384,555706,5.42,410,210,220,4,
80,384,555706,5.42,410,210,220,4,
80,384,558812,7.38,385,316,132,15,mediumspringgreen
80,384,558812,7.38,385,316,132,15,mediumspringgreen
80,384,558812,7.38,385,316,132,15,mediumspringgreen
80,384,558812,7.38,385,316,132,15,mediumspringgreen
80,384,558812,7.38,385,316,132,15,mediumspringgreen
80,384,558812,7.38,385,316,132,15,mediumspringgreen
80,384,558812,7.38,385,316,132,15,mediumspringgreen
80,384,558812,7.38,385,316,132,15,mediumspringgreen
80,384,558812,7.38,385,316,132,15,mediumspringgreen
80,384,558812,7.38,385,316,132,15,mediumspringgreen
80,384,558812,7.38,385,316,132,15,mediumspringgreen
80,384,558812,7.38,385,316,132,15,mediumspringgreen
80,384,558812,7.38,385,316,132,15,mediumspringgreen
80,384,558812,7.38,385,316,132,15,mediumspringgreen
80,384,558812,7.38,385,316,132,15,mediumspringgreen
80,384,559646,10.3,364,257,276,3,
80,384,559646,10.3,364,257,276,3,
80,384,559646,10.3,364,257,276,3,
80,384,559648,10.3,364,257,276,3,
80,384,559648,10.3,364,257,276,3,
80,384,559648,10.3,364,257,276,3,
80,384,601449,7.8,361,215,264,3,
80,384,601449,7.8,361,215,264,3,
80,384,601449,7.8,361,215,264,3,
80,384,601457,7.8,355,210,265,3,
80,384,601457,7.8,355,210,265,3,
80,384,601457,7.8,355,210,265,3,
80,384,601460,7.86,356,214,262,4,
80,384,601460,7.86,356,214,262,4,
80,384,601460,7.86,356,214,262,4,
80,384,601460,7.86,356,214,262,4,
80,384,601748,12.2,390,255,230,4,
80,384,601748,12.2,390,255,230,4,
80,384,601748,12.2,390,255,230,4,
80,384,601748,12.2,390,255,230,4,
80,384,601827,2.1,525,265,155,1,
80,384,601869,8.7,356,217,291,5,
80,384,601869,8.7,356,217,291,5,
80,384,601869,8.7,356,217,291,5,
80,384,601869,8.7,356,217,291,5,
80,384,601869,8.7,356,217,291,5,
80,384,699438,3.54,315,210,285,1,
81,164,538785,8.6,512,329,412,2,slategray
81,164,538785,8.6,512,329,412,2,slategray
81,164,538786,8.2,545,270,445,2,
81,164,538786,8.2,545,270,445,2,
81,164,553088,8.3,510,365,355,1,
81,164,553089,9.3,520,365,400,2,
81,164,553089,9.3,520,365,400,2,
81,164,558641,6.4,530,340,390,8,
81,164,558641,6.4,530,340,390,8,
81,164,558641,6.4,530,340,390,8,
81,164,558641,6.4,530,340,390,8,
81,164,558641,6.4,530,340,390,8,
81,164,558641,6.4,530,340,390,8,
81,164,558641,6.4,530,340,390,8,
81,164,558641,6.4,530,340,390,8,
81,164,558683,5,540,275,420,6,
81,164,558683,5,540,275,420,6,
81,164,558683,5,540,275,420,6,
81,164,558683,5,540,275,420,6,
81,164,558683,5,540,275,420,6,
81,164,558683,5,540,275,420,6,
81,408,558802,7.36,385,315,130,26,
81,408,558802,7.36,385,315,130,26,
81,408,558802,7.36,385,315,130,26,
81,408,558802,7.36,385,315,130,26,
81,408,558802,7.36,385,315,130,26,
81,408,558802,7.36,385,315,130,26,
81,408,558802,7.36,385,315,130,26,
81,408,558802,7.36,385,315,130,26,
81,408,558802,7.36,385,315,130,26,
81,408,558802,7.36,385,315,130,26,
81,408,558802,7.36,385,315,130,26,
81,408,558802,7.36,385,315,130,26,
81,408,558802,7.36,385,315,130,26,
81,408,558802,7.36,385,315,130,26,
81,408,558802,7.36,385,315,130,26,
81,408,558802,7.36,385,315,130,26,
81,408,558802,7.36,385,315,130,26,
81,408,558802,7.36,385,315,130,26,
81,408,558802,7.36,385,315,130,26,
81,408,558802,7.36,385,315,130,26,
81,408,558802,7.36,385,315,130,26,
81,408,558802,7.36,385,315,130,26,
81,408,558802,7.36,385,315,130,26,
81,408,558802,7.36,385,315,130,26,
81,408,558802,7.36,385,315,130,26,
81,408,558802,7.36,385,315,130,26,
81,408,941240,7.7,355,215,265,2,
81,408,941240,7.7,355,215,265,2,
81,408,941241,7.92,355,215,265,2,
81,408,941241,7.92,355,215,265,2,
81,408,941244,7.8,361,215,264,3,
81,408,941244,7.8,361,215,264,3,
81,408,941244,7.8,361,215,264,3,
82,206,554915,13.4,350,305,260,2,
82,206,554915,13.4,350,305,260,2,
82,206,554915,13.4,350,305,260,2,
82,206,554915,13.4,350,305,260,2,
82,206,554915,13.4,350,305,260,3,
82,206,554915,13.4,350,305,260,3,
82,206,554915,13.4,350,305,260,3,
82,206,555356,5.24,315,215,205,2,
82,206,555356,5.24,315,215,205,2,
82,206,555521,4.4,370,340,190,1,
82,206,555706,5.42,410,210,220,1,
82,206,557668,3.8,425,240,170,2,
82,206,557668,3.8,425,240,170,2,
82,206,557668,3.8,425,240,170,2,
82,206,557668,3.8,425,240,170,2,
82,206,557668,3.8,425,240,170,2,
82,206,557668,3.8,425,240,170,2,
82,206,558632,1.6,310,255,255,1,
82,206,558765,11.6,555,245,265,1,
82,206,558853,7.6,306,233,200,1,
82,206,558853,7.6,306,233,200,2,
82,206,558853,7.6,306,233,200,2,
82,206,558929,3.56,420,270,410,1,
82,206,559061,7.9,287,253,276,1,
82,206,559580,8.6,385,265,180,1,
82,206,573228,4.34,290,170,180,1,
82,206,601448,8.2,405,235,220,1,
82,206,601448,8.2,405,235,220,1,
82,206,601826,2.24,525,265,159,1,
82,206,602844,9.5,333,230,274,1,
82,235,549133,5.5,359,214,173,1,
82,235,550888,9.1,350,270,170,1,
82,235,554216,6.54,316,170,211,1,
82,235,554392,6.54,320,174,210,1,
82,235,554658,11.5,420,215,260,5,
82,235,554658,11.5,420,215,260,5,
82,235,554658,11.5,420,215,260,5,
82,235,554658,11.5,420,215,260,5,
82,235,554658,11.5,420,215,260,5,
82,235,554914,16.05,458,223,302,1,
82,235,554962,2.7,460,265,368,1,mediumpurple
82,235,554964,2.8,480,260,395,1,
82,235,555575,14,430,271,274,1,
82,235,558228,6.4,360,335,145,1,
82,235,558802,7.36,385,315,130,2,
82,235,558802,7.36,385,315,130,2,
82,235,558812,7.38,385,316,132,1,mediumspringgreen
82,235,559206,5.8,362,209,172,1,
82,235,559562,5.76,360,210,180,1,
82,235,601734,14.2,423,269,275,2,
82,235,601734,14.2,423,269,275,2,
82,235,601867,10.8,377,338,239,7,
82,235,601867,10.8,377,338,239,7,
82,235,601867,10.8,377,338,239,7,
82,235,601867,10.8,377,338,239,7,
82,235,601867,10.8,377,338,239,7,
82,235,601867,10.8,377,338,239,7,
82,235,601867,10.8,377,338,239,7,
82,235,603493,8.7,414,240,221,2,
82,235,603493,8.7,414,240,221,2,
82,235,603617,14.2,430,271,274,4,
82,235,603617,14.2,430,271,274,4,
82,235,603617,14.2,430,271,274,4,
82,235,603617,14.2,430,271,274,4,
82,235,603618,14.2,430,271,274,1,
83,230,699297,5.58,265,250,155,1,
83,230,699474,5.5,345,210,175,2,
83,230,699474,5.5,345,210,175,2,
83,230,699730,8.9,410,235,220,1,
83,230,699971,3.1,424,314,380,1,
83,230,916228,9.4,450,240,250,1,
83,230,919386,9.4,414,240,221,1,
83,230,919421,9.8,354,236,259,1,
83,230,939997,1.5,320,205,270,1,
83,230,939997,1.5,320,205,270,1,
83,230,940103,2.4,420,242,246,1,
83,230,940103,2.4,420,242,246,1,
83,230,940392,8.1,361,291,226,17,
83,230,940392,8.1,361,291,226,17,
83,230,940392,8.1,361,291,226,17,
83,230,940392,8.1,361,291,226,17,
83,230,940392,8.1,361,291,226,17,
83,230,940392,8.1,361,291,226,17,
83,230,940392,8.1,361,291,226,17,
83,230,940392,8.1,361,291,226,17,
83,230,940392,8.1,361,291,226,17,
83,230,940392,8.1,361,291,226,17,
83,230,940392,8.1,361,291,226,17,
83,230,940392,8.1,361,291,226,17,
83,230,940392,8.1,361,291,226,17,
83,230,940392,8.1,361,291,226,17,
83,230,940392,8.1,361,291,226,17,
83,230,940392,8.1,361,291,226,17,
83,230,940392,8.1,361,291,226,17,
83,230,940426,5.8,350,210,210,2,
83,230,940426,5.8,350,210,210,2,
83,230,941260,14.2,430,271,274,1,
83,279,558769,11.7,430,271,237,1,mediumvioletred
83,279,558783,11.7,430,271,237,6,
83,279,558783,11.7,430,271,237,6,
83,279,558783,11.7,430,271,237,6,
83,279,558783,11.7,430,271,237,6,
83,279,558783,11.7,430,271,237,6,
83,279,558783,11.7,430,271,237,6,
83,279,558802,7.36,385,315,130,13,
83,279,558802,7.36,385,315,130,13,
83,279,558802,7.36,385,315,130,13,
83,279,558802,7.36,385,315,130,13,
83,279,558802,7.36,385,315,130,13,
83,279,558802,7.36,385,315,130,13,
83,279,558802,7.36,385,315,130,13,
83,279,558802,7.36,385,315,130,13,
83,279,558802,7.36,385,315,130,13,
83,279,558802,7.36,385,315,130,13,
83,279,558802,7.36,385,315,130,13,
83,279,558802,7.36,385,315,130,13,
83,279,558802,7.36,385,315,130,13,
83,279,558862,4.6,545,265,360,1,
83,279,559200,14.5,395,315,260,1,
83,279,559206,5.8,362,209,172,2,
83,279,559206,5.8,362,209,172,2,
83,279,601709,7.7,420,295,235,1,
83,279,601710,7.7,428,298,239,1,
83,279,601748,12.2,390,255,230,2,
83,279,601748,12.2,390,255,230,2,
83,279,601749,7.3,286,213,237,2,
83,279,601749,7.3,286,213,237,2,
83,279,601751,13.8,345,310,285,7,
83,279,601751,13.8,345,310,285,7,
83,279,601751,13.8,345,310,285,7,
83,279,601751,13.8,345,310,285,7,
83,279,601751,13.8,345,310,285,7,
83,279,601751,13.8,345,310,285,7,
83,279,601751,13.8,345,310,285,7,
83,279,601867,10.8,377,338,239,1,
83,332,601867,10.8,377,338,239,5,
83,332,601867,10.8,377,338,239,5,
83,332,601867,10.8,377,338,239,5,
83,332,601867,10.8,377,338,239,5,
83,332,601867,10.8,377,338,239,5,
83,332,601869,8.7,356,217,291,20,
83,332,601869,8.7,356,217,291,20,
83,332,601869,8.7,356,217,291,20,
83,332,601869,8.7,356,217,291,20,
83,332,601869,8.7,356,217,291,20,
83,332,601869,8.7,356,217,291,20,
83,332,601869,8.7,356,217,291,20,
83,332,601869,8.7,356,217,291,20,
83,332,601869,8.7,356,217,291,20,
83,332,601869,8.7,356,217,291,20,
83,332,601869,8.7,356,217,291,20,
83,332,601869,8.7,356,217,291,20,
83,332,601869,8.7,356,217,291,20,
83,332,601869,8.7,356,217,291,20,
83,332,601869,8.7,356,217,291,20,
83,332,601869,8.7,356,217,291,20,
83,332,601869,8.7,356,217,291,20,
83,332,601869,8.7,356,217,291,20,
83,332,601869,8.7,356,217,291,20,
83,332,601869,8.7,356,217,291,20,
83,332,601904,9.46,385,310,220,1,
83,332,601906,9,390,310,225,2,
83,332,601906,9,390,310,225,2,
83,332,602232,5.4,318,266,211,2,
83,332,602232,5.4,318,266,211,2,
83,332,602737,5.5,318,266,211,2,
83,332,602737,5.5,318,266,211,2,
83,332,602738,5.5,318,266,211,1,
83,332,602836,9.5,333,230,274,7,
83,332,602836,9.5,333,230,274,7,
83,332,602836,9.5,333,230,274,7,
83,332,602836,9.5,333,230,274,7,
83,332,602836,9.5,333,230,274,7,
83,332,602836,9.5,333,230,274,7,
83,332,602836,9.5,333,230,274,7,
85,334,550680,9,355,270,205,1,darksalmon
85,334,552937,5.82,415,255,225,2,
85,334,552937,5.82,415,255,225,2,
85,334,554915,13.4,350,305,260,2,
85,334,554915,13.4,350,305,260,2,
85,334,555407,3.8,306,138,221,2,
85,334,555407,3.8,306,138,221,2,
85,334,900023,7.3,320,213,193,2,
85,334,900023,7.3,320,213,193,2,
85,9514,699149,7.58,540,330,415,2,
85,9514,699149,7.58,540,330,415,2,
85,9514,699153,7.9,550,365,420,8,
85,9514,699153,7.9,550,365,420,8,
85,9514,699153,7.9,550,365,420,8,
85,9514,699153,7.9,550,365,420,8,
85,9514,699153,7.9,550,365,420,8,
85,9514,699153,7.9,550,365,420,8,
85,9514,699153,7.9,550,365,420,8,
85,9514,699153,7.9,550,365,420,8,
85,9514,699175,12.5,525,335,455,1,
85,9514,699179,6.1,485,305,470,2,
85,9514,699179,6.1,485,305,470,2,
87,197,393164,3.3,210,205,192,1,
87,197,551043,4.38,350,215,285,4,
87,197,551043,4.38,350,215,285,4,
87,197,551043,4.38,350,215,285,4,
87,197,551043,4.38,350,215,285,4,
87,197,554657,13.35,430,210,310,1,
87,197,554914,16.05,458,223,302,3,
87,197,554914,16.05,458,223,302,3,
87,197,554914,16.05,458,223,302,3,
87,197,559209,10.7,263,210,258,2,
87,197,559209,10.7,263,210,258,2,
87,197,559972,10.5,403,256,234,1,
87,197,559976,10.65,395,255,235,1,
87,197,699437,3.6,310,210,281,1,
87,197,900023,7.3,320,213,193,1,
87,197,919418,10.85,345,195,255,1,
87,197,919423,10.9,350,195,255,1,
87,197,941369,11.7,350,195,255,2,
87,197,941369,11.7,350,195,255,2,
89,496,531456,20,449,309,318,5,
89,496,531456,20,449,309,318,5,
89,496,531456,20,449,309,318,5,
89,496,531456,20,449,309,318,5,
89,496,531456,20,449,309,318,5,
89,496,550818,13.2,360,320,265,5,
89,496,550818,13.2,360,320,265,5,
89,496,550818,13.2,360,320,265,5,
89,496,550818,13.2,360,320,265,5,
89,496,550818,13.2,360,320,265,5,
89,496,552937,5.82,415,255,225,5,
89,496,552937,5.82,415,255,225,5,
89,496,552937,5.82,415,255,225,5,
89,496,552937,5.82,415,255,225,5,
89,496,552937,5.82,415,255,225,5,
89,496,555521,4.4,370,340,190,5,
89,496,555521,4.4,370,340,190,5,
89,496,555521,4.4,370,340,190,5,
89,496,555521,4.4,370,340,190,5,
89,496,555521,4.4,370,340,190,5,
89,496,555521,4.4,370,340,190,5,
89,496,555521,4.4,370,340,190,5,
89,496,555521,4.4,370,340,190,5,
89,496,555521,4.4,370,340,190,5,
89,496,555521,4.4,370,340,190,5,
89,496,555521,4.4,370,340,190,5,
89,496,555521,4.4,370,340,190,5,
89,496,555521,4.4,370,340,190,5,
89,496,555521,4.4,370,340,190,5,
89,496,555521,4.4,370,340,190,5,
89,496,555706,5.42,410,210,220,6,
89,496,555706,5.42,410,210,220,6,
89,496,555706,5.42,410,210,220,6,
89,496,555706,5.42,410,210,220,6,
89,496,555706,5.42,410,210,220,6,
89,496,555706,5.42,410,210,220,6,
89,496,555877,10.4,439,328,215,6,
89,496,555877,10.4,439,328,215,6,
89,496,555877,10.4,439,328,215,6,
89,496,555877,10.4,439,328,215,6,
89,496,555877,10.4,439,328,215,6,
89,496,555877,10.4,439,328,215,6,
89,496,556263,5.56,312,266,211,5,
89,496,556263,5.56,312,266,211,5,
89,496,556263,5.56,312,266,211,5,
89,496,556263,5.56,312,266,211,5,
89,496,556263,5.56,312,266,211,5,
89,496,559580,8.6,385,265,180,5,
89,496,559580,8.6,385,265,180,5,
89,496,559580,8.6,385,265,180,5,
89,496,559580,8.6,385,265,180,5,
89,496,559580,8.6,385,265,180,5,
89,496,559868,9.1,355,265,210,5,
89,496,559868,9.1,355,265,210,5,
89,496,559868,9.1,355,265,210,5,
89,496,559868,9.1,355,265,210,5,
89,496,559868,9.1,355,265,210,5,
89,496,601826,2.24,525,265,159,3,
89,496,601826,2.24,525,265,159,3,
89,496,601826,2.24,525,265,159,3,
89,496,603060,2.6,420,240,245,6,
89,496,603060,2.6,420,240,245,6,
89,496,603060,2.6,420,240,245,6,
89,496,603060,2.6,420,240,245,6,
89,496,603060,2.6,420,240,245,6,
89,496,603060,2.6,420,240,245,6,
